{
    "fitness_score": [
        -47.897125244140625,
        100.3912353515625
    ],
    "reward": [
        -47.896877024038076,
        100.39127866462786
    ],
    "episode_length": [
        1600.0,
        1600.0
    ]
}