{
    "distance_reward": [
        849.1997990158941,
        1581.9447118810763,
        1583.8635848438698,
        1578.2271232065573,
        1578.502523970556,
        1580.7598768801713,
        1579.245239924855,
        1578.3828885652717,
        1581.0414489454192,
        1580.0613350540325
    ],
    "angle_penalty": [
        -1493.140897410849,
        -928.8319636345841,
        -513.491075990969,
        -147.16255746025126,
        -134.22042410835274,
        -63.33651803128305,
        -130.5585625931053,
        -125.55148231011117,
        -122.90719091370192,
        -288.0163087780056
    ],
    "angular_velocity_penalty": [
        -21.38076605956003,
        -4.0237741683456205,
        -8.147301426777403,
        -9.771702257289748,
        -10.147084066693466,
        -5.41897126390678,
        -11.390411604437295,
        -11.769762688799048,
        -5.676427079573065,
        -16.122773644001516
    ],
    "action_reward": [
        733.7520821839571,
        1543.4665976762772,
        2451.485034942627,
        2069.62429022789,
        2768.1128954291344,
        2787.5096567869186,
        2789.942208170891,
        2813.9821296334267,
        2824.210881948471,
        2832.5472118854523
    ],
    "obstacle_penalty": [
        -104.85401901975274,
        -179.0966880917549,
        -205.62456806749105,
        -199.01497051864862,
        -198.84936605393887,
        -197.91488973796368,
        -198.98039270564914,
        -198.0162116214633,
        -199.12252278625965,
        -202.32559200376272
    ],
    "fitness_score": [
        -91.06222904269612,
        -86.43412943041687,
        -137.28316253872055,
        -115.89896037104705,
        -155.01432233048288,
        -156.10053945441786,
        -156.23676423783598,
        -157.58299881856232,
        -158.1558092054282,
        -158.6226436780389
    ],
    "reward": [
        810.4781749079411,
        1959.4335742592812,
        2399.257280766964,
        2315.9626557528973,
        2598.234070122242,
        2623.1800785660744,
        2608.2772312760353,
        2618.2835882902145,
        2625.839961349964,
        2593.1669977903366
    ],
    "episode_length": [
        863.0,
        1600.0,
        1600.0,
        1600.0,
        1600.0,
        1600.0,
        1600.0,
        1600.0,
        1600.0,
        1600.0
    ]
}