{
    "velocity": [
        -10.481679180711506,
        -3.6841102286987004,
        -0.7234148412197828,
        -0.6858754979632795,
        -0.6392121905903332,
        -0.744918177863583,
        -0.7542193165048957,
        -0.973207203783095,
        -0.9217832935228945,
        -0.8982747286185622
    ],
    "falling": [
        0.0,
        0.0,
        0.0,
        0.0,
        0.0,
        0.0,
        0.0,
        0.0,
        0.0,
        0.0
    ],
    "reached_end": [
        0.0,
        0.0,
        0.0,
        0.0,
        0.0,
        0.0,
        0.0,
        0.0,
        0.0,
        0.0
    ],
    "fitness_score": [
        -101.89772612464614,
        -101.86827465345337,
        -102.45940513950958,
        -102.33258760812507,
        -102.39083417601884,
        -102.52152293486893,
        -102.47531528015435,
        -102.37477724695205,
        -102.38858114814013,
        -102.36565954087675
    ],
    "reward": [
        -52.0,
        -22.0,
        -20.0,
        -18.0,
        -18.0,
        -18.0,
        -18.0,
        -17.0,
        -17.0,
        -17.0
    ],
    "episode_length": [
        63.0,
        33.0,
        31.0,
        29.0,
        29.0,
        29.0,
        29.0,
        28.0,
        28.0,
        28.0
    ]
}