{
    "distance_reward": [
        83.47121945298088,
        69.69104088739252,
        74.24109395025687,
        73.4780675350235,
        97.74349777916049,
        67.47710337240547,
        73.4633794188131,
        74.51672144487881,
        79.42051320953472,
        73.55210856465754
    ],
    "angle_penalty": [
        1588.492481418075,
        1588.7529760499092,
        1589.6052056853468,
        1590.9281647707512,
        1587.6809254621119,
        1589.7225789106615,
        1589.6506086277454,
        1589.6772988165858,
        1589.3976219315139,
        1589.5131051321628
    ],
    "angular_velocity_penalty": [
        1599.8992961364272,
        1599.8922737807497,
        1599.9618015083825,
        1599.8322971642012,
        1599.638489965974,
        1599.8791382963338,
        1599.9549267957182,
        1599.9682585547275,
        1599.9062734264558,
        1599.9232794906136
    ],
    "action_penalty": [
        -64.27289359503646,
        -36.613330314188644,
        -44.90397416806408,
        -46.83869822171382,
        -36.614528832550306,
        -37.458753859088276,
        -33.01412309103458,
        -22.938696987755833,
        -42.87725560467535,
        -26.537620634298015
    ],
    "obstacle_penalty": [
        1283.7887414131349,
        1285.1791758134882,
        1283.5410535594901,
        1278.708038362638,
        1277.6687080560596,
        1281.3721061748247,
        1283.3313420428094,
        1283.5328194791102,
        1282.4730198263774,
        1283.628886255075
    ],
    "fitness_score": [
        -36.01239260843769,
        -20.508973645359283,
        -25.15504779405897,
        -26.240379591383032,
        -20.51571065644351,
        -20.987718091322105,
        -18.493396120946905,
        -12.850545795008536,
        -24.020308229642897,
        -14.866306007864893
    ],
    "reward": [
        491.7950492054224,
        494.6322374045849,
        494.1424707323313,
        493.50847497582436,
        505.61307802796364,
        493.6856396496296,
        497.4067345559597,
        500.8573617488146,
        496.7751783877611,
        499.3545040488243
    ],
    "episode_length": [
        1600.0,
        1600.0,
        1600.0,
        1600.0,
        1600.0,
        1600.0,
        1600.0,
        1600.0,
        1600.0,
        1600.0
    ]
}