{
    "distance_reward": [
        -0.8216406099629022,
        -0.8280589180939731,
        -0.8280589180939731,
        -0.8280589180939731,
        -0.8280589180939731,
        -0.8423354672161999,
        -0.8224618459951939,
        -0.8257347053475759,
        -0.8224855788563408,
        -0.8645816150017118
    ],
    "height_penalty": [
        -77.5486646654302,
        -78.14869711516289,
        -78.14869711516289,
        -78.14869711516289,
        -78.14869711516289,
        -80.94869687190996,
        -77.34869689581893,
        -77.94869292956594,
        -77.34869684167734,
        -82.94869711406281
    ],
    "velocity_penalty": [
        -62.65003522397567,
        -63.053922441156445,
        -63.053922441156445,
        -63.053922441156445,
        -63.053922441156445,
        -65.04217741761465,
        -62.66837183731333,
        -63.22576303354623,
        -62.61135861458879,
        -63.705934420425976
    ],
    "fuel_penalty": [
        0.0,
        0.0,
        0.0,
        0.0,
        0.0,
        0.0,
        0.0,
        0.0,
        0.0,
        0.0
    ],
    "landing_reward": [
        28.0,
        22.0,
        22.0,
        22.0,
        22.0,
        24.0,
        24.0,
        24.0,
        24.0,
        28.0
    ],
    "fitness_score": [
        -123.32263018864928,
        -150.18294920194262,
        -150.18294920194262,
        -150.18294920194262,
        -150.18294920194262,
        -112.57454949088392,
        -134.24522949121186,
        -107.47654404559566,
        -136.14002034371578,
        -101.50855495476853
    ],
    "reward": [
        -39.65639066398144,
        -85.9847599118948,
        -85.9847599118948,
        -85.9847599118948,
        -85.9847599118948,
        -105.55316337049007,
        -103.62638723552227,
        -104.02835658490658,
        -103.59790655076503,
        -61.30728796124458
    ],
    "episode_length": [
        77.6,
        78.2,
        78.2,
        78.2,
        78.2,
        81.0,
        77.4,
        78.0,
        77.4,
        83.0
    ]
}