{
    "distance_reward": [
        4319.143468976021,
        227.64951968193054,
        7462.023328304291,
        6343.6841188669205,
        7646.824729919434,
        7806.127091884613,
        7792.809417486191,
        7864.74444770813,
        7821.3082892894745,
        8054.085910558701
    ],
    "stability_penalty": [
        -12.575588522789648,
        -8.366925809159877,
        -12.182948011113373,
        -20.38772437373738,
        -19.382834485918323,
        -18.602564500388485,
        -19.604765711492234,
        -17.64791277139561,
        -17.996296238899156,
        -2.0252516504027946
    ],
    "smoothness_penalty": [
        -11.984711720049654,
        -0.9635528892278671,
        -29.560685326158563,
        -47.30819462388742,
        -44.76135362833719,
        -47.703437766432685,
        -51.98221611678574,
        -53.71069407016062,
        -55.251292854547515,
        -59.59624191075473
    ],
    "obstacle_penalty": [
        -365.6183279082179,
        -19.778348490595818,
        -410.8622233271599,
        -466.9611311927438,
        -471.8214735239744,
        -463.6228675991297,
        -471.6375545859337,
        -459.0931507349014,
        -459.29955856502056,
        -525.525832042098
    ],
    "fitness_score": [
        -26.845753711851202,
        -102.1393920975756,
        -66.21593490622976,
        -105.9703564661144,
        -100.26543345255462,
        -106.85569857075518,
        -116.4401630258184,
        -120.31195539693539,
        -123.76289553262615,
        -133.49558554944414
    ],
    "reward": [
        4130.164737820625,
        215.05755650997162,
        7247.025188922882,
        6094.625706076622,
        7396.146735191345,
        7559.194473743439,
        7540.7130563259125,
        7619.161549568176,
        7575.209123373032,
        7778.796124219894
    ],
    "episode_length": [
        1600.0,
        54.0,
        1600.0,
        1600.0,
        1600.0,
        1600.0,
        1600.0,
        1600.0,
        1600.0,
        1600.0
    ]
}