{
    "distance_reward": [
        40.11363782644269,
        39.90491792082727,
        20.91310921072946,
        38.11907704353314,
        37.90541618823952,
        37.11581868052474,
        36.95890494346695,
        37.07446369409516,
        36.92293721556653,
        37.137693284750284
    ],
    "angle_penalty": [
        -5.59141745060915,
        -6.047076091595139,
        -9.385385805228765,
        -5.946548936842065,
        -5.303698179684526,
        -5.281279540527583,
        -5.236395787067133,
        -5.224365122211671,
        -6.995831859423538,
        -5.1743832613748495
    ],
    "angular_velocity_penalty": [
        -0.01076011216270747,
        -0.009669797514775973,
        -0.028806583659228793,
        -0.004006459499916109,
        -0.004602057093674119,
        -0.005245211870432102,
        -0.004813576957667775,
        -0.0070394855035413924,
        -0.009022330813787085,
        -0.0057775677566269616
    ],
    "action_penalty": [
        -10.362795026786618,
        -20.359882169589504,
        -13.787268707528437,
        -18.90679260864826,
        -11.246866628900214,
        -13.689403491839965,
        -9.609255709499188,
        -11.377384571731088,
        -12.5428667411208,
        -8.840205525979405
    ],
    "obstacle_penalty": [
        -70.07429641485211,
        -70.53230136931157,
        -40.42749310731854,
        -70.95172998607103,
        -70.50562315285237,
        -70.54932534992665,
        -70.4955424994233,
        -70.54499579072,
        -71.5706919163467,
        -70.63327344954062
    ],
    "fitness_score": [
        -11.606330439968954,
        -22.803068068012664,
        -65.40921465975063,
        -21.175607643768515,
        -12.596490640796729,
        -15.332131930678937,
        -10.762366267304909,
        -12.742670715045193,
        -14.048010735113149,
        -9.90103017578458
    ],
    "reward": [
        16.9772499075043,
        15.086054332939966,
        5.776792094868142,
        13.402683952925145,
        14.536099331442529,
        13.369220643711742,
        13.844973518003826,
        13.681568765670818,
        12.870265282490664,
        14.103953276586253
    ],
    "episode_length": [
        1600.0,
        1600.0,
        885.5,
        1600.0,
        1600.0,
        1600.0,
        1600.0,
        1600.0,
        1600.0,
        1600.0
    ]
}