{
    "fitness_score": [
        -15.616437911987305,
        247.83120727539062
    ],
    "reward": [
        -15.616442340268986,
        247.8312569278124
    ],
    "episode_length": [
        1000.0,
        353.2
    ]
}