{
    "hull_alignment": [
        65.80564607495688,
        49.52732449946591,
        125.49570952823996,
        94.20806853103477,
        1088.2424207924548,
        1660.748503573774,
        1165.3403618157208,
        106.69877089062541,
        2114.8567943677335,
        1188.4143077443116
    ],
    "velocity": [
        10.387818298648272,
        9.135151104802326,
        9.045695117819982,
        9.056175800420952,
        8.795653791509373,
        4.773620413068846,
        1.323451863217087,
        9.183040379085316,
        7.936915472292414,
        1.271876474653749
    ],
    "distance_to_goal": [
        11766.632068873643,
        13283.849112013057,
        28313.52306850078,
        22312.868422344625,
        123997.54965123463,
        222005.83415849577,
        220817.87676908387,
        25212.530626225005,
        223187.69593763346,
        220857.20053731237
    ],
    "fitness_score": [
        -100.99338953942666,
        -101.4565661639003,
        -103.42187936916947,
        -102.86492055119574,
        -63.91472822825612,
        -27.38432450509101,
        -32.145207311198064,
        -103.6408826379627,
        -26.974789408117463,
        -32.63331715612068
    ],
    "reward": [
        11842.825561523438,
        13342.511627197266,
        28448.064514160156,
        22416.13265991211,
        125094.58973693848,
        223671.36041259766,
        221984.5386352539,
        25328.412399291992,
        225310.48484802246,
        222046.87775421143
    ],
    "episode_length": [
        85.5,
        96.5,
        205.5,
        162.0,
        890.5,
        1600.0,
        1600.0,
        183.0,
        1600.0,
        1600.0
    ]
}