{
    "distance_to_goal": [
        -4.2350301988735985e-82,
        -2.7188766714819674e-82,
        -4.542890914990204e-68,
        -1.1554598064411129e-61,
        -1.3292635673759042e-60,
        -5.897495528374227e-59,
        -4.817808297677439e-56,
        -4.1790756787250393e-54,
        -8.241081490654348e-51,
        -8.328942638706988e-51
    ],
    "fall_penalty": [
        0.0,
        0.0,
        0.0,
        0.0,
        0.0,
        0.0,
        0.0,
        0.0,
        0.0,
        0.0
    ],
    "x_velocity": [
        1603.9890262403374,
        1600.9741892340458,
        1841.6328121281583,
        1950.9124118031145,
        1968.1921159987505,
        1995.4587505835857,
        2050.3047742937183,
        2087.052517101135,
        2145.1791873553593,
        2145.2275770154347
    ],
    "fitness_score": [
        -53.74507656986641,
        -67.85538519484167,
        -85.15621774443608,
        -107.82307291326403,
        -112.21971293938621,
        -119.77330707641555,
        -120.65139529899884,
        -123.26119456429772,
        -131.08607066658877,
        -129.83622701681043
    ],
    "reward": [
        1603.9890263676643,
        1600.974188119173,
        1841.6328130364418,
        1950.9124118685722,
        1968.1921158730984,
        1995.4587519466877,
        2050.3047748804092,
        2087.0525177419186,
        2145.1791861355305,
        2145.2275776565075
    ],
    "episode_length": [
        1600.0,
        1600.0,
        1600.0,
        1600.0,
        1600.0,
        1600.0,
        1600.0,
        1600.0,
        1600.0,
        1600.0
    ]
}