{
    "distance_reward": [
        4.138251214027404,
        0.9470284819602967,
        0.6993728840351104,
        0.6997362303733825,
        0.6995611572265625,
        0.6982108354568481,
        0.6987870979309082,
        0.6992068421840667,
        0.6990772187709808,
        0.6756966614723205
    ],
    "angle_penalty": [
        -0.15282912010746075,
        -0.007378590598935262,
        -0.008739357956685127,
        -0.008031579383648933,
        -0.008287264778278767,
        -0.008862245357595385,
        -0.008267174637876452,
        -0.00798706282954663,
        -0.008152472748421133,
        -0.007966282638721168
    ],
    "angular_velocity_penalty": [
        -0.00476533099519089,
        -0.00139317866217345,
        -0.0007056642144173384,
        -0.0006745270137675106,
        -0.0007043020772375167,
        -0.0007226195636391639,
        -0.0007740524370968341,
        -0.0007909513617306948,
        -0.0008042639994621278,
        -0.0007789357843995095
    ],
    "action_penalty": [
        -0.3009717698395252,
        -0.14919098652899265,
        -0.15515585616230967,
        -0.1820593237876892,
        -0.1794449978321791,
        -0.18678190998733046,
        -0.18918410807847974,
        -0.18798347204923632,
        -0.18072567716240884,
        -0.1748759891092777
    ],
    "obstacle_penalty": [
        -60.561351987719505,
        -15.130273506045347,
        -13.097188514471055,
        -13.071091854572295,
        -13.066037929058073,
        -12.990608096122742,
        -12.949054133892059,
        -12.944615399837495,
        -12.95891495347023,
        -12.771775406599044
    ],
    "fitness_score": [
        -103.3508486878667,
        -101.63772782787495,
        -101.7013801840134,
        -102.00397021289541,
        -101.9935567912236,
        -102.05461930349097,
        -102.08394493669272,
        -102.07240404906125,
        -101.99164403101057,
        -101.92078457489052
    ],
    "reward": [
        -32.27450980991125,
        -8.155059639364481,
        -7.183996729552746,
        -7.171867817640305,
        -7.168671030551195,
        -7.125979859381914,
        -7.100715138018131,
        -7.097396906465292,
        -7.105051323771477,
        -7.01523220539093
    ],
    "episode_length": [
        160.5,
        39.5,
        30.0,
        30.0,
        30.0,
        30.0,
        30.0,
        30.0,
        30.0,
        29.0
    ]
}