{
    "fitness_score": [
        -15.616437911987305,
        247.83120727539062,
        259.43304443359375,
        262.9022216796875,
        279.3341369628906
    ],
    "reward": [
        -15.616442340268986,
        247.8312569278124,
        259.4330122178617,
        262.9022241154952,
        279.3341090190894
    ],
    "episode_length": [
        1000.0,
        353.2,
        317.0,
        299.6,
        249.2
    ]
}