{
    "hull_angle": [
        22.98243991518393,
        -4.726120383711532,
        -1.222009205230279,
        -1.3437117517460138,
        -1.0921003581024706,
        -1.1174017674056813,
        -1.5650191380409524,
        -1.7954448546515778,
        -2.0516967901239695,
        -1.738808413472725
    ],
    "velocity_x": [
        11.60181199193001,
        3.6060245776176454,
        2.612761852315161,
        2.779774876506999,
        1.9775217306800186,
        1.8097437634086235,
        2.0064933399902656,
        2.1480425194907005,
        2.255547445847187,
        2.1221579185221344
    ],
    "velocity_y": [
        -5.747104243412615,
        -5.441539116203785,
        -5.42522202283144,
        -5.388681987524032,
        -5.561724395155906,
        -5.709642054140566,
        -5.535464492440223,
        -5.427870171666145,
        -5.3596346291899675,
        -5.435877144932748
    ],
    "fitness_score": [
        -101.8041724732183,
        -101.8158223135583,
        -102.19702522619814,
        -102.2243285013847,
        -102.50236269308255,
        -102.61000895397365,
        -102.60591068500281,
        -102.57886655968429,
        -102.52806461376696,
        -102.54765761404485
    ],
    "reward": [
        -119.41167509555817,
        -74.8972053527832,
        -64.91893208026886,
        -64.90659421682358,
        -62.947175085544586,
        -62.95475798845291,
        -62.94467908143997,
        -62.93798804283142,
        -62.93105763196945,
        -62.9388644695282
    ],
    "episode_length": [
        59.5,
        37.0,
        32.0,
        32.0,
        31.0,
        31.0,
        31.0,
        31.0,
        31.0,
        31.0
    ]
}