{
    "distance_to_goal": [
        3.9070271902678227e-07,
        1.4875124623000923e-07,
        1.3603934212491268e-07,
        0.0020621329822184554,
        0.002222172193980936,
        0.0017350328993471576,
        0.0010575567143029493,
        0.001890605202126816,
        0.0018180169413033749,
        0.0018237175112890591
    ],
    "falling_punishment": [
        105.5,
        44.0,
        40.0,
        1120.5,
        1147.0,
        1103.5,
        987.5,
        1156.0,
        1099.5,
        1088.0
    ],
    "movement_encouragement": [
        128.38257777985154,
        48.90071595285825,
        46.27689399146968,
        1768.3944932394402,
        1791.5746568896316,
        1755.7765898088114,
        1555.5277370568253,
        1797.6752245815446,
        1748.6623613755528,
        1738.4182601143402
    ],
    "fitness_score": [
        -101.9482841292182,
        -101.53524250980558,
        -101.45407286132871,
        -61.14140757251522,
        -65.74254962155223,
        -69.53620176030702,
        -115.43200612132628,
        -75.70267561081053,
        -72.45524169204018,
        -67.95290844190674
    ],
    "reward": [
        22.882578180520795,
        4.900716103147715,
        6.27689412003383,
        647.8965550488792,
        644.5768788696732,
        652.2783250070643,
        568.0287945028394,
        641.6771148353873,
        649.1641791886432,
        650.4200828897301
    ],
    "episode_length": [
        105.5,
        44.0,
        40.0,
        1120.5,
        1147.0,
        1103.5,
        987.5,
        1156.0,
        1099.5,
        1088.0
    ]
}