{
    "hull_angle": [
        111.2545929670367,
        72.39453302740904,
        46.65039923493751,
        36.56262121696071,
        36.338545764639704,
        32.1197030145551,
        31.090028670381017,
        30.243810542592243,
        30.268174060123293,
        30.257453240742436
    ],
    "velocity_x": [
        -12.776527459323407,
        -10.27415186405182,
        -6.242308064773679,
        -2.35113130364567,
        -1.5215766178281047,
        -0.818299345979467,
        -1.3741831410303713,
        -1.2409746484458446,
        -1.2356672425568105,
        -1.267124644741416
    ],
    "leg_on_ground": [
        85.0,
        60.5,
        41.0,
        32.0,
        32.0,
        30.0,
        30.0,
        29.0,
        29.0,
        29.0
    ],
    "fitness_score": [
        -102.21662216541823,
        -103.89363033359498,
        -103.0790510904938,
        -102.75870959338546,
        -102.9485628284514,
        -102.62826566386224,
        -102.65777321959287,
        -102.62838535681368,
        -102.66042762859166,
        -102.66145611403883
    ],
    "reward": [
        -851.2776546478271,
        -606.0274167060852,
        -410.6242299079895,
        -320.2351131439209,
        -320.15215730667114,
        -300.0818305015564,
        -300.1374201774597,
        -290.1240973472595,
        -290.1235661506653,
        -290.12671089172363
    ],
    "episode_length": [
        85.0,
        60.5,
        41.0,
        32.0,
        32.0,
        30.0,
        30.0,
        29.0,
        29.0,
        29.0
    ]
}