{
    "distance_reward": [
        0.0010709051293134688,
        0.000856915687918663,
        0.0006484941017627717,
        0.0006262614130973815,
        0.0006258049869537354,
        0.0006272678697109223,
        0.000627284951210022,
        0.000627481769323349,
        0.0006274958872795105,
        0.0006274861538410187
    ],
    "stability_penalty": [
        -0.014806207112353295,
        -0.010190322134195594,
        -0.00761404153198935,
        -0.007093580954736099,
        -0.007132133736880496,
        -0.007525254384611035,
        -0.007576426836587489,
        -0.007631623611301183,
        -0.007736294710561633,
        -0.007658945033103229
    ],
    "action_penalty": [
        -0.11423013508319853,
        -0.15688988305628299,
        -0.14047571048140525,
        -0.16919299110770225,
        -0.17475317023694514,
        -0.18561236605048181,
        -0.1859532068669796,
        -0.1864628264307976,
        -0.18582194432616234,
        -0.191956282556057
    ],
    "obstacle_penalty": [
        -162.0255098491907,
        -132.49683558940887,
        -95.28228729963303,
        -93.08765515685081,
        -93.24331849813461,
        -92.83801659941673,
        -92.82619744539261,
        -92.73957461118698,
        -92.72184520959854,
        -92.70110234618187
    ],
    "fitness_score": [
        -101.2594643784014,
        -101.72997784291208,
        -101.52656522092224,
        -101.86497282713651,
        -101.92500039324165,
        -102.05157867948711,
        -102.05873750185967,
        -102.06002693150938,
        -102.0534014930278,
        -102.10848825836182
    ],
    "reward": [
        -97.2295828461647,
        -79.51574265956879,
        -57.18487787246704,
        -55.870868027210236,
        -55.9648300409317,
        -55.72281324863434,
        -55.71576672792435,
        -55.66385471820831,
        -55.65317350625992,
        -55.64132618904114
    ],
    "episode_length": [
        50.0,
        40.0,
        28.0,
        27.0,
        27.0,
        27.0,
        27.0,
        27.0,
        27.0,
        27.0
    ]
}