{
    "move": [
        142.96592746087862,
        119.50819640114727,
        105.93738915682749,
        88.92839741939277,
        122.73279409170513,
        128.6041963708773
    ],
    "reach": [
        14359.354795690742,
        11389.227991002874,
        11306.062676759748,
        10237.514278029284,
        12135.594907925008,
        12576.858575404276
    ],
    "fall": [
        15.9999191814625,
        29.165901327080995,
        21.797144524560103,
        18.046825711791477,
        16.940669925795092,
        17.113274467330626
    ],
    "fitness_score": [
        -101.36401831667125,
        -100.9451969006937,
        -101.10323182363808,
        -101.03666021866351,
        -101.28699497337266,
        -101.34349695062079
    ],
    "reward": [
        14486.32084274292,
        11479.570293426514,
        11390.20288848877,
        10308.395866394043,
        12241.387073516846,
        12688.349536895752
    ],
    "episode_length": [
        110.0,
        87.5,
        86.5,
        78.0,
        93.0,
        96.5
    ]
}