{
    "distance_reward": [
        454.5403251886378,
        1816.1491295695305,
        1181.0208104729645,
        3329.062262904644,
        225.0776461482048,
        3548.038665747639,
        3592.872634851934,
        3392.916752624514,
        3606.0148986697177,
        3551.771817123893
    ],
    "angle_penalty": [
        -0.7663074048131395,
        -1.6471342211006414,
        -1.0158838443719471,
        -2.2500672902387944,
        -0.9016961471704417,
        -2.4786150269545058,
        -2.8203077093124778,
        -2.4370308975869284,
        -2.9081871156009127,
        -2.6860418459537376
    ],
    "angular_velocity_penalty": [
        -0.00668123807388319,
        -0.21137287062213428,
        -0.1031206114638539,
        -0.2424332119690469,
        -0.0705736945569981,
        -0.27043592353188317,
        -0.280769089585822,
        -0.2525615081772152,
        -0.29191674548458574,
        -0.2837533394133672
    ],
    "action_penalty": [
        -7.330496005937493,
        -13.174211877211945,
        -8.648325208500028,
        -16.448897102028123,
        -3.5260844466835266,
        -17.411125459969053,
        -17.189250870943056,
        -15.173482118099926,
        -17.258992887735374,
        -17.10098745338621
    ],
    "obstacle_reward": [
        -27.230862624198586,
        -26.64098772369328,
        -16.204603272303952,
        -26.97780250869695,
        -6.8787819977849765,
        -27.858502449095255,
        -27.152844020724267,
        -26.608775421231993,
        -26.618047209084047,
        -26.6318668447435
    ],
    "fitness_reward": [
        64.35121954011814,
        2705.9605493250792,
        2261.616712966913,
        4604.80743598407,
        878.1473307376259,
        4748.785816633146,
        4992.691143782993,
        5055.403188508557,
        5051.838444361276,
        5051.442938488345
    ],
    "fitness_score": [
        -41.05077679015899,
        -73.77558646895386,
        -148.39017361641487,
        -92.11382378916164,
        -119.6955965332277,
        -97.50230268399412,
        -96.25980485907948,
        -84.9714998770971,
        -96.6503601403385,
        -95.76552985025944
    ],
    "reward": [
        146.10408048331738,
        1082.6211147718132,
        804.5207592919469,
        1916.0353169590235,
        242.23996392264962,
        2010.374903909862,
        2072.6702183373272,
        2025.4016330614686,
        2088.48740112409,
        2072.1534069515765
    ],
    "episode_length": [
        1600.0,
        1600.0,
        936.5,
        1600.0,
        371.0,
        1600.0,
        1600.0,
        1485.0,
        1568.5,
        1536.0
    ]
}