{
    "distance_reward": [
        0.6774511988650453,
        0.29954766154893764,
        0.2737443246759179,
        0.2593608329441727,
        0.2548534324430275,
        0.2501530989718026,
        0.2503619500344761,
        0.25062181298733577,
        0.2506583262774126,
        0.25061889173010865
    ],
    "stability_reward": [
        -0.39209308544027976,
        -0.013118883951924867,
        -0.007725656726483751,
        -0.010219801868425235,
        -0.009505407872889544,
        -0.010395727776752328,
        -0.011043277348174292,
        -0.009417463494849971,
        -0.009404214123758406,
        -0.009489464197760034
    ],
    "smoothness_reward": [
        -1.2072674552569378,
        -0.8741155700578433,
        -1.4065946852226543,
        -1.2477086898286567,
        -1.386014698873978,
        -1.3900239443506974,
        -1.3691811575122728,
        -1.258592692125542,
        -1.1164611263231095,
        -1.1366078738784249
    ],
    "obstacle_avoidance_reward": [
        -26.391923286020756,
        -10.944802671670914,
        -10.100201547145844,
        -9.50719028711319,
        -9.399866230785847,
        -9.343087956309319,
        -9.329998195171356,
        -9.282724171876907,
        -9.274245887994766,
        -9.2750863134861
    ],
    "fitness_score": [
        -101.34107636558404,
        -100.93749841480702,
        -101.54290155610443,
        -101.38106997537986,
        -101.52645975184441,
        -101.53800243331492,
        -101.51244193606823,
        -101.37692084620893,
        -101.23751298426092,
        -101.24541096010805
    ],
    "reward": [
        -11.704957645386457,
        -4.850359797477722,
        -4.50669526681304,
        -4.237898722290993,
        -4.198249701410532,
        -4.174869108945131,
        -4.167917795479298,
        -4.140848524868488,
        -4.129910804331303,
        -4.131320632994175
    ],
    "episode_length": [
        82.0,
        33.0,
        30.0,
        28.0,
        27.5,
        27.0,
        27.0,
        27.0,
        27.0,
        27.0
    ]
}