{
    "distance_reward": [
        21.456541195180584,
        18.198799901191613,
        20.152606857136078,
        18.526644969194805,
        18.732874163751006,
        19.04721417477067,
        19.64790359599849,
        19.6087595264966,
        20.39142900759453,
        18.84871957291739
    ],
    "angle_penalty": [
        -235.73048525638006,
        -81.47442599336891,
        -41.0793695111618,
        -32.910089823749075,
        -34.19518141514541,
        -54.70350827522318,
        -77.14311005485857,
        -53.23430833024688,
        -88.63606355787229,
        -42.89644394725903
    ],
    "angular_velocity_penalty": [
        -3.933792840346641,
        -2.7388766561055915,
        -2.1097837913206132,
        -1.7205899715028181,
        -1.1817328052005824,
        -1.1032845330725918,
        -1.378023374219961,
        -1.6021268772970982,
        -1.8488651542895658,
        -1.5400462151344496
    ],
    "action_penalty": [
        -1530.3970600930031,
        -1489.3166989020924,
        -1471.896634111114,
        -1403.7931049206948,
        -1183.8511991566907,
        -1027.8238860636648,
        -967.1922533418166,
        -915.6931389146403,
        -1060.0733146765476,
        -960.5345604067292
    ],
    "obstacle_penalty": [
        1280.5365202390321,
        1262.0377241722267,
        1241.1362557706639,
        1254.723123797126,
        1256.6792136745871,
        1260.101690204281,
        1256.9240401239883,
        1259.8621978402916,
        1264.660218465668,
        1253.8978542085654
    ],
    "fitness_score": [
        -68.39426697046412,
        -60.412462070670955,
        -57.47806848391147,
        -49.59693040033442,
        -34.792401875343174,
        -28.274634799442993,
        -26.07057810974121,
        -24.223881282273666,
        -29.637988172318934,
        -25.51667691072081
    ],
    "reward": [
        155.06620700188796,
        185.8538796612993,
        190.72489099181257,
        217.99619787849952,
        284.9599117198959,
        329.6998626533896,
        342.3858227925375,
        364.0248425407335,
        316.78744497243315,
        348.90398440975696
    ],
    "episode_length": [
        1600.0,
        1600.0,
        1600.0,
        1600.0,
        1600.0,
        1600.0,
        1600.0,
        1600.0,
        1600.0,
        1600.0
    ]
}