{
    "distance_reward": [
        0.838897345414385,
        18.163522201627437,
        19.691582869414937,
        20.013350782215742,
        19.481652612002947,
        19.35247974584292,
        19.24713418430659,
        19.372666843216614,
        19.796624647611814,
        19.679430243148985
    ],
    "stability_and_smoothness_penalty": [
        -28.78963041512062,
        -62.324546044586555,
        -28.383939029467356,
        -21.21167727056292,
        -537.3019631448581,
        -16.02025501456487,
        -16.838973653511076,
        -9.789555784559354,
        -5.157006846162828,
        -13.624317454364554
    ],
    "obstacle_penalty": [
        43.079483664977694,
        1199.2216781153413,
        1203.5327683798662,
        1209.8433738757135,
        1139.2048261823838,
        1205.9234016048658,
        1209.3601886565832,
        1208.3563404974848,
        1204.6847051011923,
        1208.8944606334053
    ],
    "fitness_score": [
        -101.23887058774756,
        -106.01253733708687,
        -133.39880170044336,
        -131.65413975861676,
        -85.11993539352758,
        -140.87002198912933,
        -149.18619931326202,
        -145.23863804284636,
        -147.44011694052824,
        -147.53390560895295
    ],
    "reward": [
        2.2468902654509293,
        353.0002085529268,
        369.3978377357125,
        374.48169276863337,
        146.3223139406182,
        374.7213991768658,
        375.3196063861251,
        377.96374917030334,
        379.13923743367195,
        376.8980383351445
    ],
    "episode_length": [
        63.5,
        1600.0,
        1600.0,
        1600.0,
        1600.0,
        1600.0,
        1600.0,
        1600.0,
        1600.0,
        1600.0
    ]
}