{
    "fitness_score": [
        -15.616437911987305,
        247.83120727539062,
        259.43304443359375,
        262.9022216796875,
        279.3341369628906,
        285.20843505859375,
        287.2899169921875,
        292.22613525390625,
        293.98944091796875,
        294.103759765625
    ],
    "reward": [
        -15.616442340268986,
        247.8312569278124,
        259.4330122178617,
        262.9022241154952,
        279.3341090190894,
        285.20846905642696,
        287.2898830883347,
        292.226161662462,
        293.98941185849543,
        294.10374552240535
    ],
    "episode_length": [
        1000.0,
        353.2,
        317.0,
        299.6,
        249.2,
        238.8,
        223.6,
        208.4,
        206.2,
        198.6
    ]
}