{
    "distance_to_goal": [
        1735.6477718353271,
        1692.1776299476624,
        1692.1778123378754,
        1692.1778178215027,
        1692.1781442165375,
        1692.1777322292328,
        1692.1776058673859,
        1692.1772265434265,
        1692.178068637848,
        1692.1775619983673
    ],
    "fitness_score": [
        -100.03198093656854,
        -100.030380019017,
        -100.0303801138171,
        -100.03038011419761,
        -100.03038014627201,
        -100.03038007339433,
        -100.03038005741408,
        -100.03038003184903,
        -100.03038014461325,
        -100.03037999626716
    ],
    "reward": [
        0.00019254175543892416,
        0.00018668709708435927,
        0.0001866866782620491,
        0.00018668666052690241,
        0.0001866855704122372,
        0.00018668694966095245,
        0.0001866872485152271,
        0.00018668838421831424,
        0.000186685929605801,
        0.00018668740375460402
    ],
    "episode_length": [
        118.5,
        115.5,
        115.5,
        115.5,
        115.5,
        115.5,
        115.5,
        115.5,
        115.5,
        115.5
    ]
}