{
    "action_penalty": [
        -5.962708362936974,
        -4.136075316369534,
        -3.028316482156516,
        -1.445506738871336,
        -0.8754883415531369,
        -0.6061907588969917,
        -0.4278752948623151,
        -0.35726983882486824,
        -0.2756372849922627,
        -0.21887098745792177
    ],
    "distance_reward": [
        0.0,
        0.0,
        0.0,
        0.0,
        0.0,
        0.0,
        0.0,
        0.0,
        0.0,
        0.0
    ],
    "fitness_score": [
        -101.65435539109075,
        -101.14429340925068,
        -100.84386317996308,
        -100.40287288429587,
        -100.24403569002774,
        -100.1689200128331,
        -100.1196503608902,
        -100.09962163301441,
        -100.07696372448432,
        -100.0611686264398
    ],
    "reward": [
        -5.962708352133632,
        -4.1360753290355206,
        -3.028316495474428,
        -1.4455067317467183,
        -0.8754883376532234,
        -0.6061907600960694,
        -0.4278752950485796,
        -0.357269841915695,
        -0.2756372854637448,
        -0.21887098740262445
    ],
    "episode_length": [
        70.5,
        37.5,
        29.0,
        29.0,
        29.0,
        29.0,
        29.0,
        30.5,
        31.0,
        39.0
    ]
}