{
    "distance_reward": [
        -82.39328419988414,
        -32.22373611632805,
        -29.299215167271885,
        -29.299920331172725,
        -29.29968149094537,
        -29.29899489948256,
        -29.298707700168883,
        -30.27478006785128,
        -31.250612974167105,
        -31.25051827870923
    ],
    "angle_stability_penalty": [
        -39.00387738940783,
        -9.325392982866612,
        -15.187093269848127,
        -16.013459577397967,
        -15.103704169408207,
        -13.66583846283011,
        -12.864522733237914,
        -10.90760225579212,
        -12.50238242244506,
        -12.13696638746007
    ],
    "angular_velocity_stability_penalty": [
        -15.884354138859397,
        -6.360581649790403,
        -5.935698097013182,
        -6.3959466728595835,
        -6.403346125795064,
        -6.153639377292212,
        -6.07560856016679,
        -6.121132950234568,
        -4.619886265271285,
        -4.759045565524362
    ],
    "action_smoothness_penalty": [
        -22.533893324434757,
        -25.58074516057968,
        -22.753768660128117,
        -16.841026484966278,
        -11.353664692491293,
        -8.580469051375985,
        -8.234543662518263,
        -7.4551158379763365,
        -7.019344820640981,
        -6.224984874948859
    ],
    "obstacle_penalty": [
        -2.8869848772019244,
        -1.6419180259082398,
        -1.5574378966425555,
        -1.5536530796406245,
        -1.5507432095290326,
        -1.5377811835365063,
        -1.5405416946218409,
        -1.5357003385929793,
        -1.5553777596676572,
        -1.5513603350288712
    ],
    "fitness_score": [
        -101.24462958306168,
        -101.38762815397233,
        -101.26122421088814,
        -100.92363570586966,
        -100.62603299602867,
        -100.47583338797465,
        -100.4500417325329,
        -100.41173717787723,
        -100.38308212955576,
        -100.3431000262145
    ],
    "reward": [
        -109.54752731323242,
        -50.16704082489014,
        -47.12487578392029,
        -44.48802489042282,
        -41.516333639621735,
        -39.69743460416794,
        -39.30641895532608,
        -39.411297142505646,
        -40.20738583803177,
        -39.75053411722183
    ],
    "episode_length": [
        84.5,
        33.0,
        30.0,
        30.0,
        30.0,
        30.0,
        30.0,
        31.0,
        32.0,
        32.0
    ]
}