{
    "distance": [
        -310569.50095939636,
        -307862.7566256523,
        -305922.6324288845,
        -304002.5288403034,
        -301386.80247950554,
        -302376.01198267937,
        -305323.2184252739,
        -309237.8134353161,
        -311497.28800845146,
        -312081.65488910675
    ],
    "falling": [
        0.0,
        0.0,
        0.0,
        0.0,
        0.0,
        0.0,
        0.0,
        0.0,
        0.0,
        0.0
    ],
    "fitness_score": [
        -44.05890569809044,
        -56.990275080877105,
        -63.69677751133232,
        -70.7083945976162,
        -80.1187106930577,
        -67.2137898907809,
        -67.44260313804452,
        -60.20525848051173,
        -49.01664939623625,
        -63.80304844065733
    ],
    "reward": [
        2206.2119849324226,
        2211.3725156784058,
        2215.104268670082,
        2218.8638815283775,
        2223.978016257286,
        2222.044092833996,
        2216.2715413570404,
        2208.758541882038,
        2204.456969976425,
        2203.3538597226143
    ],
    "episode_length": [
        1600.0,
        1600.0,
        1600.0,
        1600.0,
        1600.0,
        1600.0,
        1600.0,
        1600.0,
        1600.0,
        1600.0
    ]
}