{
    "moved_forward": [
        100.4039280152302,
        85.84809383630892,
        86.39933378457911,
        82.12292324066428,
        84.11269931554756
    ],
    "fitness_score": [
        -21.113260653345083,
        -48.631805849106996,
        -49.78710932730236,
        -66.97257337414422,
        -56.89378312966026
    ],
    "reward": [
        100.40393116697669,
        85.84809301421046,
        86.39933207258582,
        82.1229229066521,
        84.11269887909293
    ],
    "episode_length": [
        1600.0,
        1600.0,
        1600.0,
        1600.0,
        1600.0
    ]
}