{
    "reached_end": [
        -77.0,
        -32.0,
        -32.0,
        -31.0,
        -31.0,
        -31.0,
        -31.0,
        -31.0,
        -31.0,
        -31.0
    ],
    "fitness_score": [
        -101.30663205283135,
        -101.9631559297815,
        -102.31805701794475,
        -102.40833605137468,
        -102.48521657007747,
        -102.57699491752683,
        -102.55160266167671,
        -102.51751451754569,
        -102.57605782341957,
        -102.53617188882828
    ],
    "reward": [
        -77.0,
        -32.0,
        -32.0,
        -31.0,
        -31.0,
        -31.0,
        -31.0,
        -31.0,
        -31.0,
        -31.0
    ],
    "episode_length": [
        77.0,
        32.0,
        32.0,
        31.0,
        31.0,
        31.0,
        31.0,
        31.0,
        31.0,
        31.0
    ]
}