{
    "distance_reward": [
        1.202617216706276,
        0.8613364762067796,
        0.6699409258365632,
        0.6269046628475188,
        0.6272086834907531,
        0.6271990263462066,
        0.62754403591156,
        0.6272738409042358,
        0.6274550485610961,
        0.6270177662372589
    ],
    "angle_penalty": [
        -0.06891930237354246,
        -0.06415140475379304,
        -0.03749286155521986,
        -0.03109910558327101,
        -0.0321295824131812,
        -0.032485754017252476,
        -0.03385223234767182,
        -0.03235700835881289,
        -0.03287861817050725,
        -0.03193662797100842
    ],
    "angular_velocity_penalty": [
        -0.0024188945411983873,
        -0.0025152113038301466,
        -0.0018496097685396671,
        -0.001756246335506439,
        -0.001855406245440245,
        -0.0019457354387640952,
        -0.0018913978944718837,
        -0.0018696760089695454,
        -0.0018121550591289996,
        -0.0017784654619544746
    ],
    "action_penalty": [
        -0.6219965227879586,
        -0.5451734798029064,
        -0.5395506711676717,
        -0.5164630584418775,
        -0.48205054514110085,
        -0.43645897824317226,
        -0.34610654059797535,
        -0.3002845577895642,
        -0.26184594640508296,
        -0.24311015112325546
    ],
    "obstacle_penalty": [
        -9.345598712563515,
        -6.315151214599609,
        -4.87733768671751,
        -4.6449159905314445,
        -4.6455651968717575,
        -4.6485760435462,
        -4.647950664162636,
        -4.644623003900051,
        -4.641779638826847,
        -4.645415149629116
    ],
    "fitness_score": [
        -101.37350655927509,
        -101.20105261276848,
        -101.19946046597511,
        -101.14392565639318,
        -101.06117611681299,
        -100.96953698698431,
        -100.76753661386668,
        -100.65564339829609,
        -100.58066719359906,
        -100.53957571691461
    ],
    "reward": [
        -4.536154197528958,
        -3.0433298610150814,
        -2.368213590234518,
        -2.2665352690964937,
        -2.259846276603639,
        -2.2525842608883977,
        -2.2339274613186717,
        -2.222886061295867,
        -2.213360392488539,
        -2.212135941721499
    ],
    "episode_length": [
        57.0,
        39.0,
        29.0,
        27.0,
        27.0,
        27.0,
        27.0,
        27.0,
        27.0,
        27.0
    ]
}