{
    "distance_reward": [
        -61.0246226572401,
        -33.34286479208137,
        -27.999048054461817,
        -26.062205354788198,
        -26.061291209336332,
        -26.06140892655052,
        -26.06087361968369,
        -26.06193268158546,
        -26.06183487272994,
        -26.06199484602203
    ],
    "angle_penalty": [
        -23.070409927239155,
        -15.275163278304843,
        -10.963489818865135,
        -9.286426995275708,
        -9.492001737987627,
        -9.217434333722123,
        -9.214667859087708,
        -8.9395517197221,
        -8.935052595349172,
        -8.784017808981712
    ],
    "angular_velocity_penalty": [
        -4.967106016303839,
        -5.774419937124388,
        -4.066549756411943,
        -4.0476665066901685,
        -3.9878302205631155,
        -3.8355541236671087,
        -3.7891455002246377,
        -3.607504510489138,
        -3.4962911090282605,
        -3.3455684077077477
    ],
    "action_penalty": [
        -22.251593918727497,
        -17.804005140854816,
        -17.86117379311537,
        -19.08282251542971,
        -14.259495948846055,
        -10.583674733853647,
        -7.923054337253233,
        -6.959477909333602,
        -6.465123601205095,
        -5.690667023839115
    ],
    "fitness_score": [
        -101.29043726340123,
        -101.15659487883188,
        -101.22389771717786,
        -101.44017180478573,
        -101.00296143794804,
        -100.73854258733988,
        -100.55251955782995,
        -100.49313061539829,
        -100.46353585457803,
        -100.42046012706682
    ],
    "reward": [
        -75.03605282306671,
        -44.09694129228592,
        -37.74287015199661,
        -35.95738643407822,
        -34.06227284669876,
        -32.521920919418335,
        -31.451943516731262,
        -30.994384616613388,
        -30.7845239341259,
        -30.429621934890747
    ],
    "episode_length": [
        63.0,
        34.5,
        29.0,
        27.0,
        27.0,
        27.0,
        27.0,
        27.0,
        27.0,
        27.0
    ]
}