{
    "distance_reward": [
        27.887118245695447,
        23.72570398603352,
        23.97227099108408,
        19.532454079649785,
        18.333705242210954,
        18.859898144302978,
        18.739795223872765,
        18.692509449337443,
        19.085007638498034,
        18.026151790263118
    ],
    "angle_penalty": [
        -339.58318728441776,
        -315.10205361757676,
        -291.8504047066321,
        -268.3368865528188,
        -269.30701913872724,
        -270.8760149206695,
        -272.1336678706951,
        -271.58574289038893,
        -273.70892610101043,
        -267.7722343560351
    ],
    "angular_velocity_penalty": [
        -7.429545066108531,
        -3.549661448678761,
        -1.9525392293189214,
        -0.9931215423273637,
        -1.6362365364083007,
        -0.6515190032393265,
        -0.46419734832320403,
        -0.3292223431069149,
        -0.4909070975491833,
        -1.307802589133344
    ],
    "action_penalty": [
        -951.7055438342363,
        -1137.4290461463834,
        -962.2243014138254,
        -719.5363743472342,
        -951.2334594400642,
        -813.4984565026198,
        -482.68546043552044,
        -215.34672163838786,
        -171.90294777291717,
        -281.666214598038
    ],
    "obstacle_penalty": [
        2375.9385373728637,
        2381.217089749568,
        2381.3154602639665,
        2383.7608949258265,
        2384.10666184319,
        2385.0907350994203,
        2385.1636245232758,
        2385.2185039501537,
        2385.2047502490122,
        2384.5000285922224
    ],
    "fitness_score": [
        -39.195344940290006,
        -50.007550266900395,
        -39.91040345905169,
        -27.504159156304233,
        -39.62526446314348,
        -31.840789336294463,
        -18.003588583238162,
        -8.015846501271866,
        -6.552967401277128,
        -10.552145861778229
    ],
    "reward": [
        1590.7029425501823,
        1539.4954505860806,
        1596.1892930865288,
        1670.2311245799065,
        1599.5256973803043,
        1642.1213091015816,
        1741.15217679739,
        1821.4595738351345,
        1834.5234691798687,
        1800.698905736208
    ],
    "episode_length": [
        1600.0,
        1600.0,
        1600.0,
        1600.0,
        1600.0,
        1600.0,
        1600.0,
        1600.0,
        1600.0,
        1600.0
    ]
}