{
    "distance_reward": [
        1566.870921884189,
        1564.1743806331888,
        1561.7212027085104,
        1565.1150222432507,
        1560.2155556416787,
        1550.4930466795383,
        1562.3065886366762,
        1563.3897958552998,
        1567.764812058209,
        1560.2425747430436
    ],
    "fall": [
        -32000.0,
        -32000.0,
        -32000.0,
        -32000.0,
        -32000.0,
        -32000.0,
        -32000.0,
        -32000.0,
        -32000.0,
        -32000.0
    ],
    "fitness_score": [
        -20.286144551612495,
        -48.36401512036852,
        -65.20987659176943,
        -54.82636112453041,
        -41.643539477624216,
        -42.84044585098704,
        -39.408283926948926,
        -49.68441350393033,
        -80.3463791934773,
        -53.732724596649895
    ],
    "reward": [
        1566.8709180355072,
        1564.174364209175,
        1561.7211932241917,
        1565.1150449216366,
        1560.2155519127846,
        1550.493060618639,
        1562.3065632283688,
        1563.3898133933544,
        1567.7648127675056,
        1560.2425895035267
    ],
    "episode_length": [
        1600.0,
        1600.0,
        1600.0,
        1600.0,
        1600.0,
        1600.0,
        1600.0,
        1600.0,
        1600.0,
        1600.0
    ]
}