{
    "distance": [
        4.80185787425508,
        0.20775802166326196,
        14.063219453989145,
        28.942039979602374,
        33.04531686279205,
        32.26514412664544,
        31.998813513407242,
        29.464515169338746,
        31.52251038023411,
        30.751473745550093
    ],
    "stability": [
        5.1167528885025915,
        0.6235457022770439,
        5.121428780213058,
        3.2191808081173625,
        3.1247865048888395,
        2.523014743277329,
        2.808638161121255,
        2.778070305577646,
        3.0575393975340948,
        2.059272368324375
    ],
    "movement": [
        4.793710260440377,
        -17.82862327874871,
        98.97247043494416,
        394.442939393497,
        482.6801769367752,
        503.7139626197128,
        502.42036054454354,
        503.6016250325992,
        503.5688358680745,
        504.0771017446318
    ],
    "legs_contact": [
        971.714518725872,
        79.16408562660217,
        1211.3961548507214,
        1282.7406424283981,
        1295.5421464145184,
        1173.0728919506073,
        1176.651057690382,
        1120.8964909911156,
        1219.5250602960587,
        1129.4152885079384
    ],
    "fitness_score": [
        -33.55104326269613,
        -104.09173041008412,
        -49.91575347793571,
        -77.17119138559423,
        -83.32780561800936,
        -84.5115881113149,
        -88.58078403052926,
        -84.43080648729574,
        -91.02375762281747,
        -98.70162418272716
    ],
    "reward": [
        986.4268295401707,
        62.166766081005335,
        1329.5532738459297,
        1709.3448015749454,
        1814.3924271464348,
        1711.5750141143799,
        1713.878869831562,
        1656.7407011389732,
        1757.6739460527897,
        1666.3031347990036
    ],
    "episode_length": [
        1600.0,
        99.0,
        1600.0,
        1600.0,
        1578.0,
        1437.5,
        1423.5,
        1331.5,
        1424.0,
        1365.0
    ]
}