{
    "distance_reward": [
        9.580334442121433,
        0.7216349337270515,
        0.4140469997994164,
        0.37152153229281026,
        0.3703762343774941,
        0.3696262447242321,
        0.36980919883054086,
        0.36946283778100375,
        0.3694514530925481,
        0.3691904046273342
    ],
    "angle_penalty": [
        -755.6702367804223,
        -37.051558290571386,
        -14.3479068520001,
        -10.441766580662982,
        -9.8404054530864,
        -9.152992510801532,
        -9.114598103414618,
        -9.021792045048716,
        -8.794219537433685,
        -8.459155647746872
    ],
    "angular_velocity_penalty": [
        -9.767060064534606,
        -19.385249369731746,
        -12.189995882730752,
        -10.31013026313963,
        -9.326088008509366,
        -8.758171356753241,
        -8.813741421140698,
        -8.507787092387284,
        -8.537625316200833,
        -8.242385678694303
    ],
    "action_penalty": [
        -471.3837322252054,
        -50.105440797476646,
        -29.286219238085557,
        -29.144556638877635,
        -29.636221959207987,
        -29.589352042686127,
        -29.662039719895752,
        -29.804982729140228,
        -29.640578862363622,
        -29.28458945420622
    ],
    "obstacle_penalty": [
        1259.977224114075,
        77.08865235879259,
        47.92483462713095,
        43.638250870277204,
        43.84506878725635,
        43.93328560616244,
        43.92521145926281,
        43.980130958742315,
        43.97562411264596,
        44.010803191975455
    ],
    "fitness_score": [
        -68.0500027777478,
        -102.81223268920556,
        -101.84003965451569,
        -102.15403482792527,
        -102.2169448095411,
        -102.2792091601938,
        -102.28807047469914,
        -102.28744217281044,
        -102.19604725420476,
        -102.12127714429795
    ],
    "reward": [
        -3877.1711559295654,
        -275.9707956314087,
        -162.57307052612305,
        -148.5138235092163,
        -148.39113306999207,
        -148.18263125419617,
        -148.20728182792664,
        -148.18402695655823,
        -148.10536813735962,
        -147.9049768447876
    ],
    "episode_length": [
        827.0,
        57.0,
        34.0,
        31.0,
        31.0,
        31.0,
        31.0,
        31.0,
        31.0,
        31.0
    ]
}