{
    "distance_reward": [
        0.46435461847754156,
        0.3631738539910735,
        0.3250488718858938,
        0.314866367429429,
        0.3150095540735389,
        0.31527646865403536,
        0.3151387050461868,
        0.3152022408809656,
        0.315116288248799,
        0.31514240553101736
    ],
    "angle_penalty": [
        -5.784107752510101,
        -4.205120272598933,
        -3.159312844547073,
        -3.2782272602599916,
        -3.3184885063384577,
        -3.474003006482664,
        -3.4015253912259125,
        -3.3770526835548518,
        -3.3728951120093535,
        -3.4128224351546805
    ],
    "angular_velocity_penalty": [
        -0.14379711266427192,
        -0.21807188477052555,
        -0.195026536214054,
        -0.2016218715593282,
        -0.19889439537825956,
        -0.2081775501289097,
        -0.2012052489264038,
        -0.2028785957090808,
        -0.1991082753410468,
        -0.20870330719988317
    ],
    "action_penalty": [
        -5.969793729484081,
        -7.796332104131579,
        -8.761899620294571,
        -6.62788400053978,
        -5.298077777028084,
        -4.356056050397456,
        -3.716601924970746,
        -3.3881051372736692,
        -3.106236629653722,
        -3.058336024172604
    ],
    "obstacle_penalty": [
        -13.771874368190765,
        -10.79496593773365,
        -9.559687182307243,
        -9.323111310601234,
        -9.316370964050293,
        -9.301790118217468,
        -9.310943201184273,
        -9.304484352469444,
        -9.311759173870087,
        -9.30647437274456
    ],
    "fitness_score": [
        -100.65791397664486,
        -100.84361245958692,
        -100.97300292905047,
        -100.73520478100329,
        -100.58633967244626,
        -100.48593055538088,
        -100.40378106109983,
        -100.37193263686449,
        -100.34211775449663,
        -100.34011635856889
    ],
    "reward": [
        -8.69214465469122,
        -7.1145985648036,
        -6.45467035472393,
        -6.115781255066395,
        -5.9804899245500565,
        -5.885512247681618,
        -5.823223941028118,
        -5.785295441746712,
        -5.761163033545017,
        -5.755652099847794
    ],
    "episode_length": [
        42.0,
        32.0,
        28.0,
        27.0,
        27.0,
        27.0,
        27.0,
        27.0,
        27.0,
        27.0
    ]
}