{
    "forward_movement": [
        0.0006393606688972825,
        -0.005695214144222095,
        -0.005549471660446408,
        0.11822043443895242,
        0.440550527648226
    ],
    "fitness_score": [
        -36.116620745577016,
        -38.865563248056915,
        -76.7912730176129,
        -65.75867804472638,
        -92.96753764451304
    ],
    "reward": [
        0.0006393606328987458,
        -0.005695214066606258,
        -0.005549471656908336,
        0.11822043454296276,
        0.4405505272480683
    ],
    "episode_length": [
        1600.0,
        1600.0,
        1600.0,
        1600.0,
        1600.0
    ]
}