{
    "distance_reward": [
        811.3774753808789,
        780.9236196279611,
        964.5611841439933,
        1028.372996544853,
        813.9521433353539,
        757.9571763753816,
        772.558596920948,
        840.6503692388328,
        777.9078100204385,
        713.2975951910121
    ],
    "angle_penalty": [
        -672.7444705886777,
        -709.6295306490085,
        -702.9838822057661,
        -742.7313251253829,
        -723.800912182492,
        -56.20481234259767,
        -78.10847349047654,
        -53.05217505470786,
        -6.356598130972975,
        -159.69838090527193
    ],
    "angular_velocity_penalty": [
        -4.332115095844486,
        -6.399039180090824,
        -15.589961995854544,
        -20.47759544122932,
        -27.936586060138374,
        -3.397248220876156,
        -3.8695077553719033,
        -3.469639650165492,
        -2.3999153242905846,
        -3.5522858491843263
    ],
    "action_penalty": [
        -1584.069618403141,
        -1599.9390227713793,
        -1599.136576824003,
        -1599.9089481155665,
        -1599.9378430063161,
        -1599.7086240594472,
        -1599.5702636901276,
        -1599.912576207514,
        -1599.9831389838657,
        -1599.9284959370648
    ],
    "obstacle_penalty": [
        1254.706335332115,
        1159.1847297549466,
        1254.688565553011,
        1157.3485746309632,
        1155.4163632146006,
        1203.286950881688,
        1201.7722877607985,
        1207.6169972314608,
        1205.8154140301858,
        1194.9006989140632
    ],
    "fitness_score": [
        -48.43971270075791,
        -102.32478502053719,
        -74.40327572315213,
        -96.04712927120265,
        -97.94948277521854,
        -84.54232952567877,
        -80.80406848384385,
        -94.73606211185572,
        -109.93506068500875,
        -99.60837876160593
    ],
    "reward": [
        1455.8808425366879,
        1317.5608437657356,
        1597.353033453226,
        1555.15487742424,
        1341.8333065509796,
        1469.750857502222,
        1478.4511604309082,
        1557.3361864984035,
        1502.216962069273,
        1395.924842506647
    ],
    "episode_length": [
        1600.0,
        1600.0,
        1600.0,
        1600.0,
        1600.0,
        1600.0,
        1600.0,
        1600.0,
        1600.0,
        1600.0
    ]
}