{
    "distance": [
        30.586781588791936,
        1.1573063898086549,
        38.06139626383786,
        37.135320351123646,
        32.977614372968844,
        37.4078082144254,
        38.04121596097965,
        37.406528131961736,
        38.09024150252364,
        37.20232501745157
    ],
    "velocity": [
        9.104162089520798,
        12.221034746302267,
        6.571514935421881,
        5.1716038029672635,
        7.3358800517767495,
        5.160352714118071,
        5.634471760431468,
        5.174798531756039,
        6.944870661816536,
        5.455668641453914
    ],
    "stability": [
        762.2238698613312,
        29.516049560538846,
        727.6192417724585,
        762.293056805605,
        762.7701822888739,
        763.1719345158467,
        762.5155145519198,
        763.2635179829005,
        760.4169980267511,
        763.3660110262053
    ],
    "fitness_score": [
        -82.57068082693732,
        -103.64247281188517,
        -161.066252024218,
        -166.70994078084817,
        -169.49287252429266,
        -164.04166343059757,
        -162.2272146555802,
        -157.5764840721796,
        -147.5322983712095,
        -144.17180407011512
    ],
    "reward": [
        10.31737301510725,
        -0.09915499508133507,
        16.47906573178102,
        16.409069097426254,
        12.568462645780528,
        16.672448202356463,
        17.205681275198003,
        16.672405363366124,
        17.142313453543466,
        16.476629189419327
    ],
    "episode_length": [
        1600.0,
        56.0,
        1600.0,
        1600.0,
        1600.0,
        1600.0,
        1600.0,
        1600.0,
        1600.0,
        1600.0
    ]
}