{
    "move_reward": [
        3394.7329141462724,
        3387.1090098277573,
        3386.9516297736845,
        3386.754726095711,
        3389.7536662192765,
        3387.218348841737,
        3393.2583707980257,
        3387.9251172069607,
        3480.032953345899,
        3439.758920607386
    ],
    "fall_penalty": [
        744.4422796565577,
        469.31774522886064,
        842.7151258168514,
        790.6633369518546,
        832.8315611247191,
        530.8463247296078,
        750.157353750099,
        905.8976596670153,
        990.5772093460027,
        851.1440983949365
    ],
    "idle_penalty": [
        1591.4278749356072,
        1582.4243512242429,
        1404.505337787009,
        1097.4331585278635,
        750.1155977710965,
        590.2489713657992,
        593.8368538741861,
        589.5873608467389,
        595.7461457804334,
        591.937110249961
    ],
    "reach_reward": [
        14176.937173708406,
        14597.40544537966,
        14610.229195790434,
        14620.367427797588,
        14452.378687542325,
        14594.271666251465,
        14278.780473284878,
        14557.006463234404,
        12202.687033004095,
        12726.023421504162
    ],
    "fitness_score": [
        -21.352540050065166,
        -29.94329673025752,
        -55.69099949273111,
        -68.20469229404259,
        -87.46872836280289,
        -86.30392398316337,
        -99.24967680661905,
        -90.40285796301022,
        -113.69105304216916,
        -103.58656909863562
    ],
    "reward": [
        16724.68416118622,
        16871.407608032227,
        17435.39054632187,
        17700.352170467377,
        17924.84839296341,
        17922.087110996246,
        17828.358921051025,
        18261.24244737625,
        16077.551049947739,
        16424.989350795746
    ],
    "episode_length": [
        1600.0,
        1600.0,
        1600.0,
        1600.0,
        1600.0,
        1600.0,
        1600.0,
        1600.0,
        1600.0,
        1600.0
    ]
}