{
    "movement": [
        1676.7337458158531,
        1674.5165483744433,
        1679.686908678252,
        1677.017818865886,
        1672.112219072194,
        1670.9297184349302,
        1671.4178693069673,
        1672.9125134307978,
        1670.6564120576168,
        1671.0867675872091
    ],
    "fall": [
        0.0,
        0.0,
        0.0,
        0.0,
        0.0,
        0.0,
        0.0,
        0.0,
        0.0,
        0.0
    ],
    "fitness_score": [
        -25.46437792105371,
        -29.494610883113076,
        -29.9799860675577,
        -32.50212153954993,
        -47.46435521945,
        -29.90396349742912,
        -41.87318644042465,
        -53.25391926092748,
        -27.783419248815665,
        -39.56404722576582
    ],
    "reward": [
        1676.7337936758995,
        1674.5165421366692,
        1679.6869277954102,
        1677.0178419351578,
        1672.1122458577156,
        1670.929781615734,
        1671.417835533619,
        1672.912502527237,
        1670.656460404396,
        1671.0867676138878
    ],
    "episode_length": [
        1600.0,
        1600.0,
        1600.0,
        1600.0,
        1600.0,
        1600.0,
        1600.0,
        1600.0,
        1600.0,
        1600.0
    ]
}