{
    "distance_reward": [
        1.2107220942976435,
        0.8128168334617509,
        0.6695439873309044,
        0.6493257842394653,
        0.6482196332109412,
        0.6475183377748411,
        0.6469203028866943,
        0.6463321156987328,
        0.6469624991303522,
        0.646498905562995
    ],
    "stability_penalty": [
        -17.55189758315217,
        -8.381894008724483,
        -8.162086232209694,
        -8.726067989515432,
        -8.566589471383486,
        -8.178823976912536,
        -7.861835619471967,
        -7.726265589110554,
        -7.967052206099034,
        -7.81471895949915
    ],
    "action_penalty": [
        -17.472047985245865,
        -19.429089896578816,
        -15.279478311377725,
        -9.476916621147863,
        -5.748107706824591,
        -3.8907506345088096,
        -3.3843496085716263,
        -3.044446198625516,
        -2.977451321385044,
        -2.922938839793017
    ],
    "obstacle_penalty": [
        -19.005194760859013,
        -12.873575404286385,
        -9.886280283331871,
        -9.51148235797882,
        -9.570754334330559,
        -9.57416221499443,
        -9.57286912202835,
        -9.581315442919731,
        -9.568672358989716,
        -9.572690576314926
    ],
    "fitness_score": [
        -100.99562014276255,
        -101.25326064018347,
        -101.03926439753548,
        -100.61354408222437,
        -100.40249961169997,
        -100.2976247683568,
        -100.26659478921258,
        -100.24310059752501,
        -100.23926270843018,
        -100.21916630143747
    ],
    "reward": [
        -26.16717228293419,
        -20.65238317847252,
        -16.425426825881004,
        -13.404261261224747,
        -11.545547381043434,
        -10.523184657096863,
        -10.190365195274353,
        -9.993443936109543,
        -10.010030463337898,
        -9.948168128728867
    ],
    "episode_length": [
        57.5,
        35.0,
        29.0,
        28.0,
        28.0,
        28.0,
        28.0,
        28.0,
        28.0,
        28.0
    ]
}