{
    "speed": [
        0.8869664718806745,
        24.686853851202997,
        23.546107672604975,
        50.19788580910516,
        50.39445555886305
    ],
    "end": [
        0.0,
        0.0,
        0.0,
        10.0,
        10.0
    ],
    "fall": [
        0.0,
        0.0,
        0.0,
        0.0,
        0.0
    ],
    "stuck": [
        0.0,
        0.0,
        0.0,
        0.0,
        0.0
    ],
    "fitness_score": [
        -101.61819552289077,
        -105.25958791093157,
        -139.4606875107736,
        -77.41184829447408,
        -66.95608746642623
    ],
    "reward": [
        0.8869664679732523,
        24.68685383670288,
        23.546107684014714,
        60.19788542437527,
        60.39445571729448
    ],
    "episode_length": [
        67.0,
        1427.0,
        765.0,
        1319.5,
        1061.5
    ]
}