{
    "distance_reward": [
        11.958197434950552,
        12.232708776526902,
        12.070005317160717,
        11.946668550733238,
        12.158923444736772,
        12.060820399642495,
        12.06402403277604,
        11.93153199706616,
        12.08085169741555,
        11.818248451169286
    ],
    "angle_penalty": [
        -537.7639459870743,
        -541.3293373321374,
        -803.784577892241,
        -658.1598000165784,
        -585.274515942734,
        -1061.379191147005,
        -996.9991351059252,
        -639.9129967160263,
        -807.8695149859941,
        -619.9463388504794
    ],
    "angular_velocity_penalty": [
        -4.784361924272967,
        -4.79669333614998,
        -23.841376673079225,
        -24.644808546311868,
        -2.5405379452251364,
        -3.395923182059609,
        -5.42363544703236,
        -27.852583284750786,
        -3.376183525258866,
        -69.2208505827661
    ],
    "action_penalty": [
        2511.645120885874,
        3870.3380425972177,
        6435.933740047112,
        8179.072542734508,
        7938.473786908899,
        8605.609167146666,
        8512.10686019472,
        11559.711902781724,
        8258.880573667857,
        11491.821013079956
    ],
    "obstacle_penalty": [
        1531.3901045275716,
        1531.3376104667134,
        1529.6757795853746,
        1530.578231499303,
        1531.2384535830433,
        1528.0521830195248,
        1528.4934677985018,
        1530.5602665450535,
        1529.7176662756854,
        1530.16286002562
    ],
    "fitness_score": [
        -40.22735744686405,
        -79.11113711608148,
        -123.25800287466708,
        -145.3646043232123,
        -143.42250696948008,
        -150.68021257027937,
        -149.59128910910954,
        -176.8773120753567,
        -146.91570387887197,
        -176.3285531031445
    ],
    "reward": [
        1433.3114063441753,
        1637.1735993027687,
        2005.6597234606743,
        2274.8398691415787,
        2245.2791214585304,
        2319.130170226097,
        2308.4331743121147,
        2782.4995965361595,
        2280.9842220544815,
        2768.785996258259
    ],
    "episode_length": [
        1600.0,
        1600.0,
        1600.0,
        1600.0,
        1600.0,
        1600.0,
        1600.0,
        1600.0,
        1600.0,
        1600.0
    ]
}