{
    "movement_reward": [
        -6400.0,
        -6400.0,
        -6400.0,
        -6400.0,
        -6400.0,
        -6400.0,
        -6400.0,
        -6400.0,
        -6400.0,
        -6400.0
    ],
    "fitness_score": [
        -42.31323222744656,
        -86.14883872977778,
        -52.85976065101315,
        -53.12835225803102,
        -56.058353116326025,
        -80.85428058930445,
        -96.36568648217596,
        -82.14923320459383,
        -133.87636925671328,
        -105.11490326486067
    ],
    "reward": [
        29.305022954940796,
        29.305022954940796,
        29.305022954940796,
        29.305022954940796,
        29.305022954940796,
        29.305022954940796,
        29.305022954940796,
        29.305022954940796,
        29.305022954940796,
        29.305022954940796
    ],
    "episode_length": [
        1600.0,
        1600.0,
        1600.0,
        1600.0,
        1600.0,
        1600.0,
        1600.0,
        1600.0,
        1600.0,
        1600.0
    ]
}