{
    "distance_reward": [
        0.024561382780614593,
        0.01504568737254135,
        0.015870203742707936,
        0.01727519292753629,
        0.015233796452046422,
        0.015708042004026333,
        0.015161996026331465,
        0.01477993194205796,
        0.014966169471655494,
        0.015721062187664038
    ],
    "angle_penalty": [
        -22.479984414694307,
        -12.141105447493503,
        -8.846808379635355,
        -9.633578116373169,
        -8.78835361028869,
        -8.881746230244788,
        -8.626875777596698,
        -8.53105752636029,
        -8.593735205193052,
        -8.863892862825487
    ],
    "angular_velocity_penalty": [
        -5.1891902527148375,
        -3.790825413828407,
        -3.766248240128766,
        -3.7267042927176703,
        -3.4953870935819933,
        -3.556377657443493,
        -3.5535362790982377,
        -3.5011741678069255,
        -3.4504892489673846,
        -3.61974542446443
    ],
    "action_penalty": [
        -1.7195456728339193,
        -2.0251350089907647,
        -2.8418697178363805,
        -2.624850068986416,
        -2.4519825071096424,
        -2.1000595770776274,
        -1.7427618123590944,
        -1.4126513369381428,
        -1.2341465532779696,
        -1.060716008394957
    ],
    "obstacle_penalty": [
        -26.689344987273216,
        -15.514623418450356,
        -14.363469019532204,
        -14.33587258681655,
        -13.965960770845413,
        -13.972334772348404,
        -13.962277963757515,
        -13.967616632580757,
        -13.97600544244051,
        -13.991394951939583
    ],
    "fitness_score": [
        -100.94228929857071,
        -101.11819879244081,
        -101.55871506629884,
        -101.44883604770153,
        -101.35069166924059,
        -101.15622801443189,
        -100.96886106848717,
        -100.77790993440897,
        -100.68606703653931,
        -100.58839955405891
    ],
    "reward": [
        -27.54856787621975,
        -16.393093273043633,
        -15.134264290332794,
        -15.17341934144497,
        -14.595075979828835,
        -14.489808335900307,
        -14.287847504019737,
        -14.130820289254189,
        -14.068341672420502,
        -14.098409041762352
    ],
    "episode_length": [
        54.0,
        31.0,
        28.0,
        28.0,
        27.0,
        27.0,
        27.0,
        27.0,
        27.0,
        27.0
    ]
}