{
    "distance_reward": [
        1.963570390847989,
        0.7639275316150205,
        0.6000538559131001,
        0.5828671103749796,
        0.5870791574952123,
        0.5873147233122189,
        0.5876327874043221,
        0.5867317037829511,
        0.5870522464821313,
        0.5867396167672738
    ],
    "stability_reward": [
        -0.028158429160196563,
        -0.003446616896351661,
        -0.0012250139036441023,
        -0.0008587194855394265,
        -0.0009734570445401428,
        -0.0009843379491882793,
        -0.0010256111952931372,
        -0.0008906311306314897,
        -0.0009478139080335006,
        -0.0008907896889246935
    ],
    "smoothness_reward": [
        -0.40609255565362556,
        -0.2839965705649084,
        -0.33734825814564134,
        -0.2607555544521456,
        -0.25225506865676967,
        -0.19428343298897385,
        -0.15797605378408047,
        -0.15467275182803975,
        -0.13532640503154114,
        -0.12392198205694513
    ],
    "obstacle_avoidance_reward": [
        -28.314769983291626,
        -12.352744117379189,
        -11.714804649353027,
        -11.005721285939217,
        -10.359419405460358,
        -10.377569109201431,
        -10.356794103980064,
        -10.319682881236076,
        -10.299173817038536,
        -10.261043041944504
    ],
    "fitness_score": [
        -102.26393890247913,
        -101.56892959977685,
        -101.84100100823585,
        -101.43106156305222,
        -101.39255202939361,
        -101.07355719794333,
        -100.87708243548124,
        -100.86046912645362,
        -100.75470173732936,
        -100.68956555944496
    ],
    "reward": [
        -8.535967893898487,
        -3.8404809162020683,
        -3.733003903180361,
        -3.446757236495614,
        -3.2436385191977024,
        -3.1910755541175604,
        -3.1485133431851864,
        -3.134121907874942,
        -3.1086159255355597,
        -3.085777761414647
    ],
    "episode_length": [
        98.5,
        39.0,
        32.0,
        31.0,
        31.0,
        31.0,
        31.0,
        31.0,
        31.0,
        31.0
    ]
}