{
    "distance_reward": [
        19.132274686570625,
        20.63021720254173,
        18.679268373359577,
        18.101757644023767,
        18.54743063226906,
        18.655280026640224,
        18.536145370372815,
        18.302980833822275,
        18.40886397051407,
        18.462801115809622
    ],
    "angle_penalty": [
        -220.75911604623792,
        -229.27710101882258,
        -217.92365937895804,
        -220.24194661355423,
        -218.6688549545271,
        -217.7648369659314,
        -217.62505205335836,
        -208.12969029057848,
        -206.68716037403817,
        -211.57472363984834
    ],
    "angular_velocity_penalty": [
        -1.501779414891139,
        -3.0699715690428397,
        -0.4916291644134747,
        -1.3699577795130948,
        -0.9929014752924529,
        -0.6973719142237862,
        -0.8589367344885125,
        -1.1210738069659403,
        -1.0347885922949245,
        -1.1750373938872953
    ],
    "action_penalty": [
        -441.2342797407573,
        -251.4936996376594,
        -161.3859140066275,
        -70.10038717590392,
        -39.94578797581562,
        -24.20567785911082,
        -18.159986498594684,
        -155.63289295819357,
        -27.309454351305984,
        -37.72571107530281
    ],
    "obstacle_penalty": [
        1285.3379952640034,
        1284.294516047243,
        1285.5124450087155,
        1285.4793150585394,
        1285.51490527435,
        1285.6645477368315,
        1285.7246664508266,
        1283.678537597968,
        1283.7901042003532,
        1284.571920788288
    ],
    "fitness_score": [
        -25.39258278607531,
        -14.302057949230633,
        -9.258427530825161,
        -4.0472217532973636,
        -2.3417412916335243,
        -1.4026559018420581,
        -1.1007857425044199,
        -8.870285040585424,
        -1.6539709269767544,
        -2.226088610087596
    ],
    "reward": [
        507.2048996016383,
        564.0946511700749,
        591.1781967114657,
        617.6501210406423,
        627.354971844703,
        632.3796396702528,
        634.1020731627941,
        592.5273026041687,
        631.3388975001872,
        628.156063079834
    ],
    "episode_length": [
        1600.0,
        1600.0,
        1600.0,
        1600.0,
        1600.0,
        1600.0,
        1600.0,
        1600.0,
        1600.0,
        1600.0
    ]
}