{
    "distance_reward": [
        -64.74267694213557,
        -31.935288739734183,
        -24.166571973122306,
        -23.303299800007828,
        -23.30330993804079,
        -23.30330059189823,
        -23.303266823214656,
        -23.303296674833362,
        -23.303329486716574,
        -23.303337727675373
    ],
    "angle_penalty": [
        -44.28396301022002,
        -20.449661150917876,
        -15.242561894822483,
        -13.033208176139532,
        -12.785441542788464,
        -12.057868150716779,
        -11.81918029692051,
        -11.484580713368697,
        -11.706153024426035,
        -11.498782148457611
    ],
    "angular_velocity_penalty": [
        -7.959366749142961,
        -6.175086750120869,
        -6.716483065489465,
        -5.94398807437131,
        -5.937410676390524,
        -5.879812613765763,
        -5.822865195367825,
        -5.614872872018768,
        -5.815069175887331,
        -5.684239085576323
    ],
    "action_penalty": [
        -8.26047321432519,
        -9.334692341097146,
        -7.559833820557907,
        -6.4574341783807565,
        -5.14083634472939,
        -4.552383366498314,
        -3.825409511465546,
        -3.760733467943842,
        -3.3005379540936723,
        -3.0770918347655907
    ],
    "obstacle_penalty": [
        27.999283118468515,
        13.085544324315023,
        10.417153916897668,
        9.94689600659175,
        9.89935823954188,
        9.930077169395432,
        9.963293247412757,
        9.944588096728914,
        9.909845282727753,
        9.91964911059274
    ],
    "fitness_score": [
        -101.38807584682573,
        -101.58675001648442,
        -101.28983858899772,
        -101.10991590894758,
        -100.8853954859022,
        -100.78642907128855,
        -100.6575464479439,
        -100.64706581976264,
        -100.57002765000239,
        -100.52988983420283
    ],
    "reward": [
        -28.389086067676544,
        -14.956096917390823,
        -11.395618379116058,
        -10.506906673312187,
        -10.273471266031265,
        -10.02470949292183,
        -9.852252706885338,
        -9.760455697774887,
        -9.766196429729462,
        -9.675184443593025
    ],
    "episode_length": [
        75.0,
        37.0,
        28.0,
        27.0,
        27.0,
        27.0,
        27.0,
        27.0,
        27.0,
        27.0
    ]
}