{
    "fitness_score": [
        -47.897125244140625
    ],
    "reward": [
        -47.896877024038076
    ],
    "episode_length": [
        1600.0
    ]
}