{
    "end_reached": [
        0.0,
        0.0,
        0.0,
        0.0,
        0.0,
        0.0,
        0.0,
        0.0,
        0.0,
        0.0
    ],
    "moving_forward": [
        -136.0,
        -68.0,
        -60.0,
        -56.0,
        -56.0,
        -56.0,
        -56.0,
        -56.0,
        -56.0,
        -56.0
    ],
    "fell_or_stuck": [
        -5.0,
        -5.0,
        -5.0,
        -5.0,
        -5.0,
        -5.0,
        -5.0,
        -5.0,
        -5.0,
        -5.0
    ],
    "fitness_score": [
        -101.65450114356354,
        -102.01684713257103,
        -101.90054242876545,
        -102.02587454217672,
        -102.07314711539448,
        -102.14812604944407,
        -102.18730653580278,
        -102.16151278576255,
        -102.11910247576236,
        -102.07064683265983
    ],
    "reward": [
        -141.0,
        -73.0,
        -65.0,
        -61.0,
        -61.0,
        -61.0,
        -61.0,
        -61.0,
        -61.0,
        -61.0
    ],
    "episode_length": [
        69.0,
        35.0,
        31.0,
        29.0,
        29.0,
        29.0,
        29.0,
        29.0,
        29.0,
        29.0
    ]
}