{
    "distance_reward": [
        211.3477060496807,
        378.13091055154626,
        380.2071708083191,
        373.7752251505961,
        374.44338557720386,
        372.41784453392125,
        373.41091697216234,
        379.36829644441605,
        379.00760314464515,
        390.95270442963755
    ],
    "angle_penalty": [
        -0.1497866842895143,
        -0.1042916527467347,
        -0.10502879001107135,
        -0.1040830592985864,
        -0.08895260230562502,
        -0.09290860232198603,
        -0.09466288486660063,
        -0.1045907511836843,
        -0.21313424213172075,
        -0.10498473254300225
    ],
    "angular_velocity_penalty": [
        -0.0015391908911322272,
        -0.00023059432626288269,
        -0.00024700388294705724,
        -0.0002164316339384676,
        -0.00022830314444703028,
        -0.00024091338832814518,
        -0.0003298177874063954,
        -0.0003113788291004445,
        -0.0004109191635774522,
        -0.0007763473052132452
    ],
    "action_penalty": [
        -6.3110138900578026,
        -16.208327139913926,
        -17.280860036984066,
        -19.59112583287061,
        -19.87068650498938,
        -19.19705331139265,
        -20.479558811336734,
        -25.222885845228916,
        -32.72207522913814,
        -23.808136910944782
    ],
    "obstacle_penalty": [
        -19.62825802490115,
        -35.245094957948794,
        -35.23082423806137,
        -35.23230592310321,
        -35.84448281228587,
        -35.665086552501265,
        -36.33334871381463,
        -36.81311304867321,
        -39.421372249721536,
        -35.309427322447675
    ],
    "fitness_score": [
        -64.11223638858253,
        -36.30665192843222,
        -38.709126533851,
        -43.88412186902008,
        -44.51033809114212,
        -43.0013993849233,
        -45.87421182037147,
        -56.49926437634253,
        -73.29744844570368,
        -53.33022462262315
    ],
    "reward": [
        26.243818359216675,
        46.61446355795488,
        46.98746835021302,
        45.584429354872555,
        45.215097814798355,
        44.986989605240524,
        44.58677676739171,
        45.15677918912843,
        42.61764182662591,
        48.74730386864394
    ],
    "episode_length": [
        855.0,
        1600.0,
        1600.0,
        1600.0,
        1600.0,
        1600.0,
        1600.0,
        1600.0,
        1600.0,
        1600.0
    ]
}