{
    "velocity_penalty": [
        -609.5327900046999,
        -184.7902869892201
    ],
    "angle_penalty": [
        -36.22255010136869,
        -8.003292387514374
    ],
    "fitness_score": [
        -1130.669600568241,
        -763.8953082904364
    ],
    "game_over": [
        1.0,
        1.0
    ],
    "reward": [
        -745.7553411349654,
        -292.7935790941119
    ],
    "episode_length": [
        141.6,
        158.2
    ]
}