{
    "distance_reward": [
        15.581023928713657,
        20.2323535957132,
        22.72258321204734,
        24.048426702311772,
        21.42338399144911,
        23.395771542620466,
        21.21226018159681,
        10.026022833495897,
        19.764530740833315,
        18.917750027860123
    ],
    "angle_penalty": [
        -92.95103275492906,
        -98.6120175117009,
        -101.81149971344053,
        -92.51047565064366,
        -6.728879692453223,
        -9.749409603919828,
        -10.1110770841698,
        -21.065577292229662,
        -24.39206388588014,
        -6.755947483457152
    ],
    "angular_velocity_penalty": [
        -2.0112337240264537,
        -0.5458871499349485,
        -1.4460871279744318,
        -1.2382117697964832,
        -0.7479929929915203,
        -1.0893427259688386,
        -1.0194757093173694,
        -1.8575597529129944,
        -1.0711368757805542,
        -0.511860731316176
    ],
    "action_penalty": [
        -204.24239186736284,
        -305.7714610358745,
        -293.1983552134686,
        -247.89015081284583,
        -399.6237226360994,
        -290.4341531199654,
        -231.63046614180996,
        -102.24213748430485,
        -168.87811718747275,
        -108.10441758295377
    ],
    "obstacle_reward": [
        2085.756102983427,
        2143.962633473983,
        2147.9029282440233,
        2159.037930271685,
        2235.7184016112656,
        2246.3691393916374,
        2242.771028965428,
        1220.891642550926,
        2256.9405298261763,
        2240.8982426001694
    ],
    "fitness_score": [
        -46.03946512757222,
        -69.36319225744239,
        -66.4499110088361,
        -56.02719918216758,
        -91.4682785608364,
        -65.80526035075641,
        -52.26861494501928,
        -73.00358390955452,
        -37.998639496156855,
        -24.265918664155663
    ],
    "reward": [
        769.8194113522768,
        766.3089706748724,
        773.4173442870378,
        794.6706286966801,
        794.4030601680279,
        832.754368558526,
        846.7073705792427,
        463.3111779242754,
        866.8917680829763,
        881.4433191716671
    ],
    "episode_length": [
        1600.0,
        1600.0,
        1600.0,
        1600.0,
        1600.0,
        1600.0,
        1600.0,
        869.0,
        1600.0,
        1600.0
    ]
}