{
    "distance_reward": [
        1.199920765575583,
        0.9322008593156383,
        0.959249072648015,
        0.9347874110135973,
        1.1586304136123577,
        1.3666460866548362,
        1.5046715098915198,
        1.6400637974807448,
        1.5562162172431995,
        1.5983491939405368
    ],
    "stability_penalty": [
        -0.08598222766256658,
        -0.08187438166886568,
        -0.08867755826152861,
        -0.08229527469156309,
        -0.10894334591943769,
        -0.14237297316463665,
        -0.1588206799583859,
        -0.1874305614501238,
        -0.18115406502822878,
        -0.19096255696394948
    ],
    "smoothness_reward": [
        -2.1199815021827817,
        -3.4776017870754004,
        -2.8409693576395516,
        -2.3454225501045585,
        -2.3903640899341556,
        -2.783452179841697,
        -2.711997721251101,
        -2.9697705334983766,
        -2.836920927953906,
        -2.6589100098470233
    ],
    "obstacle_penalty": [
        -6.032615518569944,
        -5.12754364609718,
        -5.3027257323265085,
        -5.116420862078666,
        -6.011783331632616,
        -6.805749845504761,
        -7.35741265118122,
        -7.8369688332080845,
        -7.511795791983603,
        -7.663369435071946
    ],
    "fitness_reward": [
        3.3271547083742914,
        4.037517229020596,
        4.201680048785638,
        4.2326220785826445,
        5.808007659763097,
        7.558019122795668,
        8.096509459158407,
        9.19406031500548,
        8.900534989535808,
        9.033515536263586
    ],
    "fitness_score": [
        -100.77638253028226,
        -101.28452466596477,
        -101.05352629735694,
        -100.869572077577,
        -100.88870894743224,
        -101.03782864025142,
        -101.01126197186298,
        -101.10578424157015,
        -101.0565330811441,
        -100.98933969398868
    ],
    "reward": [
        -3.711503775091842,
        -3.717301706550643,
        -3.0714434986002743,
        -2.376729170093313,
        -1.5444526949431747,
        -0.8069097915285965,
        -0.6270501194521785,
        -0.16004583053290844,
        -0.07311958470381796,
        0.11862272373400629
    ],
    "episode_length": [
        49.5,
        39.0,
        40.0,
        39.0,
        46.0,
        53.0,
        57.0,
        61.0,
        58.5,
        59.5
    ]
}