{
    "proximity": [
        440.65608587551105,
        440.65608587551105,
        500.83214041328426,
        648.1414823894501,
        -2191.1381851530073,
        8109.880111046819,
        8615.601653210655,
        9152.91849401094
    ],
    "orientation": [
        -587.727835956228,
        -587.727835956228,
        -630.8184726494289,
        -713.2056212949673,
        -1751.0647974364904,
        -4320.7163933463435,
        -4350.166996263555,
        -4329.057003535758
    ],
    "velocity": [
        512.428677754641,
        512.428677754641,
        546.183832848647,
        613.4591285991601,
        1223.5768466464,
        4874.28790972343,
        4862.099666492033,
        4891.22145200846
    ],
    "fitness_score": [
        -1161.8035312196298,
        -1161.8035312196298,
        -1117.0309161256514,
        -1191.1890582504418,
        -4309.52628735004,
        -516.8270379567724,
        -456.86720811027055,
        -418.11719192466427
    ],
    "reward": [
        1110.2755949907005,
        1110.2755949907005,
        1204.2068032197653,
        1418.7914441041648,
        2110.8729899649506,
        12984.168023681641,
        13477.701317024232,
        14044.139939117431
    ],
    "episode_length": [
        137.4,
        137.4,
        144.6,
        160.6,
        400.4,
        1000.0,
        1000.0,
        1000.0
    ]
}