{
    "distance_reward": [
        160.2293060832292,
        152.0805641319476,
        153.17443068259468,
        143.60017946770185,
        150.17244096421518,
        156.12936321020703,
        154.7608165944038,
        150.0631596080344,
        150.04578017052395,
        150.24815773298317
    ],
    "stability_smoothness_reward": [
        -0.25504456340764364,
        -0.3073072376409833,
        -1.8824904245298553,
        -0.08655770431186743,
        -6.4966427478501405,
        -2.4956407899470636,
        -6.471920516901753,
        -6.715694813016045,
        -8.111020653686735,
        -7.8302507950617475
    ],
    "smoothness_reward": [
        4470.824073781065,
        11481.82533253849,
        36945.90551910768,
        42148.190718776255,
        47242.459512274654,
        28704.907330014634,
        29577.377263332666,
        80456.76796892297,
        117738.19707800212,
        237461.0545641269
    ],
    "obstacle_avoidance_reward": [
        -105.34989742040372,
        -105.85582765192089,
        -112.81711239516736,
        -114.02821311056601,
        -121.9297965176435,
        -115.19553574472353,
        -121.89973431676626,
        -122.21239148229535,
        -123.92346589118242,
        -123.52258386164888
    ],
    "fitness_score": [
        -36.498430421962325,
        -69.36094911960694,
        -112.3271125506368,
        -112.62518426254951,
        -121.19474499433963,
        -103.01038696066674,
        -104.05871264766787,
        -140.37347420984912,
        -153.90338733487692,
        -179.19999999999493
    ],
    "reward": [
        373.6763581261039,
        1072.6198716759682,
        3611.6552287340164,
        4129.476273536682,
        4629.751924455166,
        2785.522813498974,
        2864.201401591301,
        7950.7908272743225,
        11676.661028862,
        23649.500345230103
    ],
    "episode_length": [
        1600.0,
        1600.0,
        1600.0,
        1600.0,
        1600.0,
        1600.0,
        1600.0,
        1600.0,
        1600.0,
        1600.0
    ]
}