{
    "distance_reward": [
        3.515732957527343,
        2.5720907119280145,
        2.0409915762003883,
        1.6937110574404861,
        1.7438961911737798,
        1.745290956305352,
        1.7920587161579786,
        1.7924845171479602,
        1.7881188956642557,
        1.835337451871432
    ],
    "stability_reward": [
        -0.058490103923210315,
        -0.040660620240185304,
        -0.02377344072309192,
        -0.009542517086962425,
        -0.009727726230284402,
        -0.009605247752450143,
        -0.0090256001662102,
        -0.008651152229073535,
        -0.009106909321450269,
        -0.00891168667222162
    ],
    "smoothness_reward": [
        -2.233755768260909,
        -2.1704197150980153,
        -1.8082261709141112,
        -1.282860807996271,
        -0.8558566011105753,
        -0.6814466485731387,
        -0.5847019669939066,
        -0.4772590599690303,
        -0.6350207464378794,
        -0.49965737298463947
    ],
    "obstacle_avoidance_reward": [
        -20.508601926267147,
        -15.631286859512329,
        -12.615401990711689,
        -11.1491539478302,
        -11.198892086744308,
        -11.238789856433868,
        -11.428486227989197,
        -11.416188970208168,
        -11.661231011152267,
        -11.77130302786827
    ],
    "fitness_score": [
        -101.23958810313977,
        -101.20954667197913,
        -101.00786519134044,
        -100.71267914583161,
        -100.47681999271737,
        -100.38133095361852,
        -100.32769079895317,
        -100.26701383047458,
        -100.35544728329265,
        -100.2796645551722
    ],
    "reward": [
        -1.1088651979953283,
        -0.9805745367048075,
        -0.8139208351421985,
        -0.6968658924815827,
        -0.5964203718249337,
        -0.5649335044436157,
        -0.5456732091333834,
        -0.5226722474399139,
        -0.5806117664615158,
        -0.5456003022654841
    ],
    "episode_length": [
        70.5,
        51.0,
        41.0,
        35.0,
        36.0,
        36.0,
        37.0,
        37.0,
        37.0,
        38.0
    ]
}