{
    "distance_reward": [
        72.75184615817209,
        78.27447479414676,
        76.37123777050085,
        76.53433630280354,
        79.3265781325909,
        75.44254310473553,
        75.8872827805712,
        73.81106004023454,
        74.59820486793802,
        46.94769854016125
    ],
    "stability_reward": [
        -3.8091872590864426,
        -3.656860405109053,
        -3.8887777666237477,
        -3.896177257237413,
        -3.6476064992289303,
        -3.4738342496189234,
        -3.512334226250206,
        -3.490956472571419,
        -3.78352909583994,
        -14.72307176413157
    ],
    "smoothness_reward": [
        -605.818819302483,
        -501.1219726446086,
        -538.1213755739072,
        -300.68068238473944,
        -134.73418699437676,
        -200.83408301627546,
        -134.65231912025033,
        -113.65838914677676,
        -87.97445189799777,
        -69.24131470208557
    ],
    "obstacle_avoidance_reward": [
        1285.329940276822,
        1284.1602876639872,
        1285.5142532074783,
        1285.5425436180974,
        1284.2330235175987,
        1283.8924389448202,
        1283.4068220326099,
        1283.811001713756,
        1285.3578243199593,
        1269.4010001724114
    ],
    "fitness_score": [
        -35.86052568535904,
        -29.455573901035315,
        -31.699396130436014,
        -17.508354013304654,
        -8.053602283611914,
        -11.619763390153752,
        -7.921945768211064,
        -6.736247241111515,
        -5.227768919182937,
        -4.079251257734441
    ],
    "reward": [
        474.6138157695532,
        486.30288541316986,
        482.5271974876523,
        506.33002326637506,
        523.2882517129183,
        515.4115486443043,
        521.9612143263221,
        523.6036819666624,
        526.9684429988265,
        511.9759519174695
    ],
    "episode_length": [
        1600.0,
        1600.0,
        1600.0,
        1600.0,
        1600.0,
        1600.0,
        1600.0,
        1600.0,
        1600.0,
        1600.0
    ]
}