{
    "fitness_score": [
        -15.616437911987305
    ],
    "reward": [
        -15.616442340268986
    ],
    "episode_length": [
        1000.0
    ]
}