{
    "progress": [
        4.026162243874663e-14,
        3.646988471136363e-14,
        3.743043449649295e-14,
        3.893086935641043e-14,
        3.961963898503831e-14,
        3.893008181549378e-14,
        4.2350548300893656e-14,
        4.545608256083657e-14,
        4.450915529006797e-14,
        4.3947666490884736e-14
    ],
    "moving_forward": [
        7.5,
        10.0,
        9.5,
        24.5,
        32.5,
        17.5,
        157.0,
        1570.0,
        829.5,
        1561.5
    ],
    "penalty": [
        9.97030597865573,
        9.923536394834523,
        9.762410837113965,
        10.052877578437283,
        10.060602987110546,
        10.054560749828699,
        9.898168693482864,
        9.822311904132357,
        9.973527461588404,
        9.946430457532413
    ],
    "fitness_score": [
        -53.73733099672178,
        -87.65890318063619,
        -100.94304679114379,
        -97.37764780046763,
        -99.2716292930478,
        -90.50122575847797,
        -87.88495409587046,
        -91.21907346701636,
        -83.68026484844091,
        -68.15180598416924
    ],
    "reward": [
        9.970305790811835,
        9.923536407324718,
        9.762410780967912,
        10.052877551803249,
        10.060602900048252,
        10.054560870616115,
        9.898168724277639,
        9.822311892392463,
        9.973527471374837,
        9.94643039663788
    ],
    "episode_length": [
        1600.0,
        1600.0,
        1600.0,
        1600.0,
        1600.0,
        1600.0,
        1600.0,
        1600.0,
        1600.0,
        1600.0
    ]
}