{
    "distance_reward": [
        2.070125303329147,
        1.2942208912133653,
        1.2522874088615383,
        1.2532910806972872,
        1.2527262517679516,
        1.2524939479378143,
        1.2529196486166305,
        1.2527018238911438,
        1.2964865345440009,
        1.2529496722039062
    ],
    "stability_reward": [
        -0.1689979601876525,
        -0.08961867116533159,
        -0.0902655908537385,
        -0.0882130501833451,
        -0.09016118469470696,
        -0.08933954844473962,
        -0.08939091287846636,
        -0.0884763407786476,
        -0.10214922323969897,
        -0.08863408985156682
    ],
    "smoothness_reward": [
        -6.3157633763374434,
        -5.285370835829091,
        -4.8206745908888085,
        -3.288946763674497,
        -2.271397247321029,
        -1.8470802926801317,
        -1.5534115984049404,
        -1.3945086892942666,
        -1.2495684920939998,
        -1.3238597383004094
    ],
    "obstacle_avoidance_reward": [
        -15.856412187218666,
        -9.551394954323769,
        -9.319041818380356,
        -9.293729454278946,
        -9.307612657546997,
        -9.313421919941902,
        -9.308417588472366,
        -9.30993540585041,
        -9.530413433909416,
        -9.301431596279144
    ],
    "fitness_score": [
        -101.40113520678563,
        -101.18703102178127,
        -101.09149260002002,
        -100.73899097001552,
        -100.5129337631762,
        -100.41835214352608,
        -100.35442149746046,
        -100.31993945887312,
        -100.27983202882669,
        -100.30228317429126
    ],
    "reward": [
        -5.9098707512021065,
        -3.765451341867447,
        -3.627132700756192,
        -3.387802617624402,
        -3.240588393062353,
        -3.1788794342428446,
        -3.1329601798206568,
        -3.1095384173095226,
        -3.154563844203949,
        -3.0959219373762608
    ],
    "episode_length": [
        48.5,
        28.0,
        27.0,
        27.0,
        27.0,
        27.0,
        27.0,
        27.0,
        28.0,
        27.0
    ]
}