{
    "distance_reward": [
        -67.72132499394876,
        -31.356930071115038,
        -27.870194935927863,
        -26.874939596533345,
        -26.874590643639493,
        -26.874662991304696,
        -26.874583215725636,
        -26.874615118779563,
        -26.874664007803673,
        -26.874692299384225
    ],
    "angle_penalty": [
        -19.40365316530099,
        -10.23225807199714,
        -8.862231644914452,
        -7.779848419380206,
        -7.976224986900441,
        -8.107262898174241,
        -8.093770975716982,
        -7.781414430132327,
        -7.7913652760325505,
        -7.7361508513455135
    ],
    "angular_velocity_penalty": [
        -3.3456110899694296,
        -3.461668442609155,
        -3.0968634826555146,
        -3.111409990273061,
        -3.002907013190451,
        -3.1144552948071533,
        -3.094837510974724,
        -3.0660625343292156,
        -2.9788547914346863,
        -3.006675391782829
    ],
    "action_penalty": [
        -16.49219996426632,
        -14.266557831324269,
        -15.665395906997592,
        -16.263208775543198,
        -13.833398028341364,
        -12.435194288692387,
        -9.161084060837755,
        -7.448741461883355,
        -5.88173950045678,
        -5.444443878026886
    ],
    "obstacle_penalty": [
        57.6723435898386,
        26.667370697884905,
        23.64346930935279,
        22.72121615726042,
        22.747611254473796,
        22.74266050906172,
        22.74406250560369,
        22.740038991484546,
        22.734893692385555,
        22.73341350860435
    ],
    "fitness_score": [
        -101.26163787522913,
        -101.18415417426452,
        -101.37725481178612,
        -101.45382985014469,
        -101.19718184980005,
        -101.07187480024993,
        -100.77287265652046,
        -100.63480625709333,
        -100.5056122195758,
        -100.47570950651728
    ],
    "reward": [
        -41.671836614608765,
        -20.13459688425064,
        -18.212954610586166,
        -17.685215264558792,
        -17.433081418275833,
        -17.30793797969818,
        -16.978090822696686,
        -16.79184365272522,
        -16.633902192115784,
        -16.589571177959442
    ],
    "episode_length": [
        68.0,
        31.5,
        28.0,
        27.0,
        27.0,
        27.0,
        27.0,
        27.0,
        27.0,
        27.0
    ]
}