{
    "distance_reward": [
        2.010146045684814,
        1.0025083363056182,
        0.7639672541618348,
        0.7602451848983764,
        0.7591858196258545,
        0.7582102894783019,
        0.7584110260009767,
        0.7581130802631378,
        0.7580772054195404,
        0.7584132790565492
    ],
    "stability_penalty": [
        -0.3675862210942432,
        -0.347803452797234,
        -0.3252766268028063,
        -0.30672413214575506,
        -0.2987264143675566,
        -0.2943741611903533,
        -0.2924613962991862,
        -0.2928660720703192,
        -0.29285601101815706,
        -0.2927259104512631
    ],
    "action_penalty": [
        -2.8153923712670803,
        -3.001238276064396,
        -2.427322939783335,
        -1.836262324079871,
        -1.4034741021692754,
        -1.1255803361535073,
        -0.9714706670492886,
        -0.8830085501074789,
        -0.8384045636281372,
        -0.7742468636482954
    ],
    "obstacle_penalty": [
        -22.565695360302925,
        -13.500649496912956,
        -11.168155133724213,
        -10.974776551127434,
        -10.913938239216805,
        -10.866175264120102,
        -10.868671283125877,
        -10.83897489309311,
        -10.839580491185188,
        -10.856638669967651
    ],
    "fitness_score": [
        -101.56862570178694,
        -101.64815878654645,
        -101.314184115218,
        -101.01154754048957,
        -100.78095346529781,
        -100.62151952607557,
        -100.54016130010038,
        -100.49051678492128,
        -100.46724930367805,
        -100.43180593410321
    ],
    "reward": [
        -9.946055967360735,
        -6.452405102550983,
        -5.4031579084694386,
        -5.186412774026394,
        -5.068096021190286,
        -4.98830565623939,
        -4.957957178354263,
        -4.92583592236042,
        -4.9172507636249065,
        -4.9125731978565454
    ],
    "episode_length": [
        74.5,
        40.0,
        32.0,
        32.0,
        32.0,
        32.0,
        32.0,
        32.0,
        32.0,
        32.0
    ]
}