{
    "fitness_score": [
        -47.897125244140625,
        100.3912353515625,
        168.52688598632812,
        224.59115600585938,
        232.80630493164062,
        241.14895629882812,
        257.46270751953125
    ],
    "reward": [
        -47.896877024038076,
        100.39127866462786,
        168.52685392773492,
        224.59107542687656,
        232.80634924694323,
        241.14891253332462,
        257.46288502417156
    ],
    "episode_length": [
        1600.0,
        1600.0,
        1600.0,
        1600.0,
        1600.0,
        1600.0,
        1569.5
    ]
}