{
    "distance_reward": [
        6.738073163405483,
        2.7779998982998295,
        1.3980221542639324,
        1.397193053747126,
        1.3964987783205451,
        1.4470044389985253,
        1.3968856132363094,
        1.3960429199862683,
        1.4917476143994848,
        1.4898874457706874
    ],
    "stability_reward": [
        -0.6153758316186797,
        -0.9394789655112796,
        -0.1622978916221172,
        -0.17621801953012384,
        -0.15454232966655745,
        -0.10551474816491344,
        -0.12326140170084157,
        -0.12961939997150462,
        -0.06760280344833158,
        -0.10965097868560367
    ],
    "smoothness_reward": [
        -12.297954695750963,
        -10.118786725047265,
        -10.207444710768442,
        -7.440485837772383,
        -4.886188618592986,
        -3.9476228772473103,
        -3.384479563502592,
        -3.182807904351646,
        -2.653722715041584,
        -2.652881426258241
    ],
    "exploration_reward": [
        -21.138885286599397,
        -8.628533191010355,
        -5.105180309861899,
        -5.083026566952466,
        -5.049228624030949,
        -5.1484239459782835,
        -5.020224963873625,
        -5.025797236561777,
        -5.243418303430079,
        -5.213846621364356
    ],
    "obstacle_avoidance_reward": [
        -44.37262203544378,
        -17.732117280364037,
        -10.967007577419281,
        -10.907517701387405,
        -10.822061225771904,
        -11.021768048405647,
        -10.753888815641403,
        -10.767986550927162,
        -11.220659881830215,
        -11.149705439805984
    ],
    "fitness_score": [
        -101.36831360728107,
        -101.13860887853801,
        -101.2038101727143,
        -100.89778538754955,
        -100.59286473086104,
        -100.4769664668329,
        -100.40238479092903,
        -100.37896446007491,
        -100.30247284637298,
        -100.30566793344786
    ],
    "reward": [
        -17.77920849248767,
        -8.36391618847847,
        -5.86645320802927,
        -5.2962333150208,
        -4.7483033165335655,
        -4.610572125762701,
        -4.413697596639395,
        -4.380504382774234,
        -4.405386576429009,
        -4.392482744529843
    ],
    "episode_length": [
        127.5,
        57.5,
        30.0,
        30.0,
        30.0,
        31.0,
        30.0,
        30.0,
        32.0,
        32.0
    ]
}